heol 	1	2945
y 	1	2435
ffordd 	1	2099
maes 	1	1170
yr 	1	874
llys 	1	742
lon 	1	655
cae 	1	652
stryd 	1	562
heol y 	2	488
clos 	1	453
lôn 	1	388
rhodfa 	1	376
cwrt 	1	342
ffordd y 	2	341
maes y 	2	314
parc 	1	243
llwyn 	1	236
ysgol 	1	230
bryn 	1	190
coed 	1	190
eglwys 	1	174
stryd y 	2	170
fawr 	1	128
pentre 	1	120
stryt 	1	119
maes yr 	2	111
sant 	1	110
newydd 	1	110
felin 	1	105
rhodfa'r 	1	104
glas 	1	104
llys y 	2	102
gerddi 	1	101
y parc 	2	89
afon 	1	88
yr eglwys 	2	88
nant 	1	87
hen 	1	86
cwm 	1	85
stryd fawr 	2	85
ty 	1	84
heol yr 	2	82
yr afon 	2	82
y coed 	2	81
mawr 	1	79
ffynnon 	1	79
y bryn 	2	77
castell 	1	75
lon y 	2	75
pen 	1	75
gwyn 	1	74
y felin 	2	73
uchaf 	1	71
las 	1	69
ffordd yr 	2	69
porth 	1	68
morfa 	1	68
cilgant 	1	67
plas 	1	67
dewi 	1	67
rhes 	1	65
yr ysgol 	2	64
brenin 	1	64
mynydd 	1	61
clos y 	2	61
dan 	1	61
clos yr 	2	59
dderwen 	1	59
lôn y 	2	58
graig 	1	56
orsaf 	1	56
gynradd 	1	56
allt 	1	56
ysgol gynradd 	2	55
cwrt y 	2	55
lucy 	1	54
capel 	1	54
trem 	1	54
heol lucy 	2	54
tan 	1	53
ffordd cwm 	2	53
tawe 	1	53
y brenin 	2	52
stryt y 	2	52
bach 	1	52
isaf 	1	52
llan 	1	51
onnen 	1	51
gorllewin 	1	50
efail 	1	50
cwm tawe 	2	50
waun 	1	50
ffordd cwm tawe 	3	50
dan y 	2	49
teras 	1	49
casnewydd 	1	48
derwen 	1	48
du 	1	47
y dderwen 	2	47
yr efail 	2	47
pant 	1	47
celyn 	1	46
ffordd casnewydd 	2	46
berllan 	1	46
glan 	1	45
bont 	1	45
yr orsaf 	2	43
deri 	1	43
ffordd newydd 	2	43
y graig 	2	42
stryd yr 	2	42
glyn 	1	42
derw 	1	42
wen 	1	42
pen y 	2	41
ynys 	1	41
cae glas 	2	40
pont 	1	40
fach 	1	39
y castell 	2	39
hir 	1	39
môr 	1	39
yr hen 	2	38
maes glas 	2	38
rhos 	1	38
y bont-faen 	2	38
gelli 	1	38
ffordd y bont-faen 	3	38
caerfyrddin 	1	38
bont-faen 	1	38
tir 	1	37
y maes 	2	37
heol caerfyrddin 	2	36
cefn 	1	36
awel 	1	36
dyffryn 	1	35
bedw 	1	35
yr onnen 	2	34
heol morfa 	2	34
y bont 	2	34
golwg 	1	34
y cae 	2	33
yr allt 	2	33
dewi sant 	2	33
hyfryd 	1	33
canol 	1	33
fair 	1	33
y llan 	2	32
neuadd 	1	32
gorsaf 	1	32
frenhines 	1	32
onn 	1	32
helyg 	1	32
llwyn onn 	2	31
farchnad 	1	30
y môr 	2	30
y deri 	2	30
haf 	1	30
heol las 	2	30
hendre 	1	30
llyn 	1	30
rhedyn 	1	30
gors 	1	30
lon yr 	2	30
y waun 	2	29
heol y parc 	3	29
eithin 	1	29
llys yr 	2	29
y ffynnon 	2	29
eos 	1	29
y frenhines 	2	29
y nant 	2	28
y mynydd 	2	28
y berllan 	2	28
hafod 	1	28
parc yr 	2	27
y farchnad 	2	27
yr haf 	2	27
mair 	1	27
teg 	1	26
yr awel 	2	26
santes 	1	26
gogledd 	1	26
ganol 	1	26
y capel 	2	26
groes 	1	25
goch 	1	25
dwyrain 	1	25
caer 	1	25
bloc 	1	24
tan yr 	2	24
cae du 	2	24
ysbyty 	1	24
cymru 	1	24
yr eos 	2	24
morgan 	1	24
tan y 	2	24
heol y brenin 	3	24
golwg y 	2	24
penarth 	1	24
ffordd penarth 	2	23
mynach 	1	23
gorllewin ffordd y 	3	23
heol yr orsaf 	3	23
maes yr haf 	3	23
gorllewin ffordd 	2	23
canolfan 	1	23
parcio 	1	23
gorllewin ffordd y bont-faen 	4	23
dwr 	1	23
erw 	1	22
heol fach 	2	22
heol y bryn 	3	22
coch 	1	22
coleg 	1	22
deg 	1	22
clwyd 	1	22
heol ty 	2	22
trem yr 	2	22
ddu 	1	22
traeth 	1	22
heol cae 	2	22
wern 	1	21
gwaun 	1	21
wennol 	1	21
coedlan 	1	21
trelai 	1	21
heol trelai 	2	21
tywysog 	1	21
llwyn y 	2	21
fedwen 	1	20
maes hyfryd 	2	20
heulog 	1	20
fferm 	1	20
victoria 	1	20
caernarfon 	1	20
hebog 	1	20
garth 	1	20
tyddyn 	1	20
bute 	1	20
william 	1	20
banc 	1	19
dol 	1	19
dinas 	1	19
yr odyn 	2	19
mor 	1	19
llewelyn 	1	19
glyndwr 	1	19
y glyn 	2	19
owen 	1	19
melyn 	1	19
heol-y-nant 	1	19
tŷ 	1	19
y wennol 	2	19
odyn 	1	19
ffordd caergybi 	2	18
emlyn 	1	18
rhoddfa 	1	18
pont y 	2	18
bangor 	1	18
glan yr 	2	18
ceirios 	1	18
fron 	1	18
heol maes 	2	18
san 	1	18
cwrt yr 	2	18
caergybi 	1	18
dan-y-coed 	1	18
heol gorsaf 	2	18
maes y dderwen 	3	18
stryd yr eglwys 	3	18
grug 	1	17
man 	1	17
heol nant 	2	17
y dyffryn 	2	17
heol y coed 	3	17
hafren 	1	17
sgwar 	1	17
llyfrgell 	1	17
heol dewi 	2	17
conwy 	1	17
cynan 	1	17
glan y 	2	17
iago 	1	17
padarn 	1	17
rhiw 	1	17
ffordd caernarfon 	2	17
trem y 	2	17
caerdydd 	1	17
ger 	1	17
santes fair 	2	17
dafydd 	1	17
heol y frenhines 	3	17
croes 	1	16
y porth 	2	16
y groes 	2	16
heol waun 	2	16
stryd y bont 	3	16
bwlch 	1	16
goron 	1	16
hafan 	1	16
st. 	1	16
crud 	1	16
gof 	1	16
cae mawr 	2	16
y plas 	2	16
glan yr afon 	3	16
goed 	1	16
maes y llan 	3	16
llwyd 	1	16
y goron 	2	16
rhosyn 	1	16
maes ty 	2	16
y pentre 	2	16
maes parcio 	2	16
offa 	1	16
crud yr 	2	16
crud yr awel 	3	16
acton 	1	16
dyfed 	1	16
garn 	1	15
alun 	1	15
cae bach 	2	15
dwyrain ffordd y 	3	15
gaer 	1	15
ffordd bangor 	2	15
caradog 	1	15
sarn 	1	15
pant y 	2	15
heol pentregethin 	2	15
y fron 	2	15
dwyrain ffordd 	2	15
clos sant 	2	15
llandeilo 	1	15
ffordd glan 	2	15
de 	1	15
dwyrain ffordd y bont-faen 	4	15
aber 	1	15
isa 	1	15
cadno 	1	15
heol fawr 	2	15
min 	1	15
llwyfen 	1	15
pentregethin 	1	15
cae rhos 	2	15
bro 	1	15
maes y bryn 	3	15
llys dewi 	2	14
abergele 	1	14
y ffordd 	2	14
y gelli 	2	14
cae ffynnon 	2	14
bychan 	1	14
y coleg 	2	14
y rhedyn 	2	14
tai 	1	14
cae gwyn 	2	14
melin 	1	14
pandy 	1	14
ty gwyn 	2	14
y morfa 	2	14
gwilym 	1	14
pen y cae 	3	14
sgwâr 	1	14
maes y felin 	3	14
yr hafod 	2	14
holt 	1	14
llangynnwr 	1	14
heol newydd 	2	14
heol bryn 	2	14
ffordd abergele 	2	14
elfed 	1	14
y rhodfa 	2	14
ffordd cae 	2	14
rhodfa'r gors 	2	14
heol llangynnwr 	2	14
bryn yr 	2	14
tudur 	1	13
ystrad 	1	13
clos cae 	2	13
lle 	1	13
a 	1	13
adeilad 	1	13
maes y wennol 	3	13
ogwen 	1	13
heol llandeilo 	2	13
ffordd pen 	2	13
cae eithin 	2	13
dolydd 	1	13
y gogledd 	2	13
afallen 	1	13
yr ynys 	2	13
y stryd 	2	13
baldwin 	1	13
gwaun bedw 	2	13
heol tir 	2	13
heol-y-gors 	1	13
heol y felin 	3	13
allt y 	2	13
y gors 	2	13
ffordd y morfa 	3	13
y cadno 	2	13
abaty 	1	13
hen ysgol 	2	13
pontprennau 	1	12
tŷ'n 	1	12
glyndŵr 	1	12
llansteffan 	1	12
gamlas 	1	12
maes gwyn 	2	12
langdon 	1	12
cei 	1	12
pontarddulais 	1	12
lon las 	2	12
john 	1	12
heol isaf 	2	12
ty canol 	2	12
maes y coed 	3	12
cwrt mawr 	2	12
ffordd celyn 	2	12
heol bryngwili 	2	12
heol pontprennau 	2	12
y dwr 	2	12
cae'r 	1	12
y wern 	2	12
morwr 	1	12
heol uchaf 	2	12
stryd bute 	2	12
heol mynydd 	2	12
hen ffordd 	2	12
cerrig 	1	12
crymlyn 	1	12
tegid 	1	12
feidr 	1	12
heol caer 	2	12
y mor 	2	12
y grug 	2	12
y gamlas 	2	12
maes ty canol 	3	12
abertawe 	1	12
parc y 	2	12
orsedd 	1	12
heol-y-felin 	1	12
tanygroes 	1	12
alarch 	1	12
heol langdon 	2	12
bryngwili 	1	12
dŵr 	1	12
heol llansteffan 	2	12
heol pontarddulais 	2	12
gollen 	1	11
ffordd parc 	2	11
y cwm 	2	11
porth y 	2	11
aneurin 	1	11
dan y bryn 	3	11
meillion 	1	11
coed y 	2	11
dinefwr 	1	11
priordy 	1	11
ffordd y felin 	3	11
lon yr ysgol 	3	11
y garn 	2	11
heol maes eglwys 	3	11
heol eglwys 	2	11
derwydd 	1	11
paul 	1	11
ty newydd 	2	11
gwenllian 	1	11
foel 	1	11
teilo 	1	11
pwll 	1	11
gwynedd 	1	11
cae canol 	2	11
y traeth 	2	11
dolau 	1	11
lewis 	1	11
arian 	1	11
y fedwen 	2	11
yr hebog 	2	11
mileniwm 	1	11
gwalia 	1	11
delyn 	1	11
goedwig 	1	11
heol llwyn 	2	11
mona 	1	11
ffordd yr ysgol 	3	11
maes yr efail 	3	11
cocyd 	1	11
cae melyn 	2	11
clôs 	1	11
aled 	1	11
fran 	1	11
stryt yr 	2	11
maes eglwys 	2	11
wylan 	1	11
heol-y-bryn 	1	11
y mynach 	2	11
wynnstay 	1	11
y neuadd 	2	11
heol elfed 	2	11
y gof 	2	11
arthur 	1	11
cwrt ashliegh 	2	11
glowyr 	1	11
yr orsedd 	2	11
sgwâr y 	2	11
eryr 	1	11
plas y 	2	11
y goedwig 	2	11
heol cocyd 	2	11
ffordd llyn 	2	11
llys derwen 	2	11
islwyn 	1	11
school 	1	11
ceredigion 	1	11
spencer 	1	11
ashliegh 	1	11
ffordd glan y 	3	10
dre 	1	10
heol hir 	2	10
pen-yr-heol 	1	10
lon yr eglwys 	3	10
heol yr eglwys 	3	10
gerddi'r 	1	10
y llyn 	2	10
brooklyn 	1	10
ffordd morfa 	2	10
maes y deri 	3	10
heol crymlyn 	2	10
erw hir 	2	10
cader 	1	10
balaclafa 	1	10
harbwr 	1	10
y foel 	2	10
ffordd corwen 	2	10
heol iscoed 	2	10
thomas 	1	10
daniel 	1	10
clos maes 	2	10
undeb 	1	10
maen 	1	10
yr harbwr 	2	10
sandy 	1	10
lon goed 	2	10
beuno 	1	10
ffordd llyn syberi 	3	10
ffordd plas 	2	10
engan 	1	10
heol sant 	2	10
heol y pentre 	3	10
llyn syberi 	2	10
heol pen 	2	10
yr hen ysgol 	3	10
ffordd y mileniwm 	3	10
rhys 	1	10
tafarn 	1	10
rhydychen 	1	10
y dolydd 	2	10
masarn 	1	10
gerddi brooklyn 	2	10
garreg 	1	10
llys gwyn 	2	10
hywel 	1	10
heol y mynydd 	3	10
ffordd porth 	2	10
y mileniwm 	2	10
simonston 	1	10
corwen 	1	10
esgob 	1	10
iscoed 	1	10
y stryd fawr 	3	10
pedr 	1	10
y rhaglaw 	2	10
sant paul 	2	10
alexandra 	1	10
heol simonston 	2	10
dryw 	1	10
tir y coed 	3	10
tyn 	1	10
lon cae 	2	10
bryngwyn 	1	10
rhaglaw 	1	10
syberi 	1	10
tir y 	2	10
pentref 	1	10
y gorllewin 	2	10
y glowyr 	2	9
ysgubor 	1	9
ffordd cwmaman 	2	9
maes uchaf 	2	9
ffordd las 	2	9
ffordd yr orsaf 	3	9
pinwydd 	1	9
crug 	1	9
stryd y farchnad 	3	9
castan 	1	9
heol-y-mynydd 	1	9
herbert 	1	9
ynys-y-gored 	1	9
sŵn 	1	9
yr ardd 	2	9
cwmaman 	1	9
ardd 	1	9
garnedd 	1	9
wyddfa 	1	9
gwern 	1	9
celynnen 	1	9
afan 	1	9
maes cader 	2	9
ffordd fferm 	2	9
y gaer 	2	9
richard 	1	9
stryd y parc 	3	9
y santes 	2	9
steffan 	1	9
heol y nant 	3	9
maes yr ysgol 	3	9
nant yr 	2	9
uwchradd 	1	9
clos sant paul 	3	9
lon ty 	2	9
ger y 	2	9
pentre bach 	2	9
ffordd fferm uchaf 	3	9
prior 	1	9
eglwys sant 	2	9
trefor 	1	9
idris 	1	9
clos yr onnen 	3	9
heol yr ysgol 	3	9
aeron 	1	9
fferm uchaf 	2	9
heol islwyn 	2	9
briallu 	1	9
helen 	1	9
aberteifi 	1	9
caffi 	1	9
min yr 	2	9
ffordd ffynnon 	2	9
davies 	1	9
maes ffynnon 	2	9
ffordd pen y 	3	9
heol glyndwr 	2	9
pontwillym 	1	9
cwrt y cadno 	3	9
heol y waun 	3	9
ywen 	1	9
lôn cefn 	2	9
lan 	1	9
lloyd 	1	9
ffordd-y-gogledd 	1	9
ffordd tan 	2	9
menai 	1	9
sŵn yr 	2	9
ffordd bryn 	2	9
clos yr ysgol 	3	9
gyfyn 	1	9
y tywysog 	2	9
ffordd alexandra 	2	9
yr eryr 	2	9
stryt y rhaglaw 	3	9
cae bryn 	2	9
heol parc 	2	9
ifor 	1	9
bron 	1	9
yr abaty 	2	9
y fran 	2	9
heol pant 	2	9
tros 	1	9
heol-y-parc 	1	9
trostre 	1	8
cwrt ty 	2	8
bardd 	1	8
cynbryd 	1	8
maes teg 	2	8
llys-y-coed 	1	8
lôn yr 	2	8
uchel 	1	8
stryd rhydychen 	2	8
ochr 	1	8
ffordd yr afon 	3	8
brynteg 	1	8
stryd tanygroes 	2	8
tre 	1	8
iau 	1	8
maes y ffynnon 	3	8
ffordd y môr 	3	8
prifysgol 	1	8
ffordd william 	2	8
heol y graig 	3	8
maes y parc 	3	8
yr hendre 	2	8
heol y castell 	3	8
haul 	1	8
treforgan 	1	8
seiriol 	1	8
ysgawen 	1	8
dolafon 	1	8
i 	1	8
llwyn helyg 	2	8
lôn ceredigion 	2	8
pant yr 	2	8
dulyn 	1	8
fan 	1	8
heol y bardd 	3	8
y dwyrain 	2	8
drindod 	1	8
twyn 	1	8
mynydd garnlwyd 	2	8
berth 	1	8
owain 	1	8
george 	1	8
babanod 	1	8
y de 	2	8
ffordd coed 	2	8
plas acton 	2	8
gog 	1	8
margam 	1	8
heddwch 	1	8
ffordd porth llechog 	3	8
crwn 	1	8
st 	1	8
y celyn 	2	8
ffordd treforgan 	2	8
jones 	1	8
waun wen 	2	8
syr 	1	8
ffordd maeshafn 	2	8
heol yr hen 	3	8
heol sandy 	2	8
llechog 	1	8
dan y coed 	3	8
ysgol gyfyn 	2	8
llai 	1	8
ucha 	1	8
tafarn y 	2	8
brenig 	1	8
y santes fair 	3	8
pen-y-cae 	1	8
heol capel 	2	8
gymunedol 	1	8
heol dyfed 	2	8
ffordd dewi 	2	8
ty'r 	1	8
tan y maes 	3	8
y gerddi 	2	8
ffordd gwynedd 	2	8
lôn pont 	2	8
y tyddyn 	2	8
goffa 	1	8
cribyn 	1	8
y priordy 	2	8
heol ddu 	2	8
porth llechog 	2	8
llangollen 	1	8
ger yr 	2	8
hen heol 	2	8
cae derw 	2	8
aur 	1	8
cae castell 	2	8
heol y bont 	3	8
man morwr 	2	8
llys y felin 	3	8
maes offa 	2	8
llwyn ceirios 	2	8
heol y gelli 	3	8
y wylan 	2	8
yr aber 	2	8
enfys 	1	8
siarl 	1	8
y bardd 	2	8
heol margam 	2	8
maes-y-ffynnon 	1	8
y dryw 	2	8
ffordd llangollen 	2	8
ffordd bryngwyn 	2	8
maeshafn 	1	8
emrys 	1	8
blodau 	1	8
waen 	1	8
lôn y berllan 	3	8
heol mynydd garnlwyd 	3	8
y garth 	2	8
garnlwyd 	1	8
plas y parc 	3	8
dawel 	1	8
eglwys fair 	2	8
meinciau 	1	8
stryt holt 	2	8
gwydryn 	1	8
y pentref 	2	8
glan y môr 	3	8
gwrgan 	1	8
barcud 	1	8
collen 	1	8
yr wyddfa 	2	8
y dre 	2	8
lôn pont morgan 	3	8
colwyn 	1	8
pont morgan 	2	8
cross 	1	8
elwy 	1	8
ton 	1	8
heol undeb 	2	8
heol trostre 	2	8
ffordd crawia 	2	7
tir gorllewin 	2	7
heol y geifr 	3	7
cerdinen 	1	7
rhodfa sirius 	2	7
brynhyfryd 	1	7
rhodfa plas 	2	7
cwstenin 	1	7
cilsaig 	1	7
cae felin 	2	7
y meinciau 	2	7
heol waun wen 	3	7
fammau 	1	7
lawnt 	1	7
harvey 	1	7
porth yr 	2	7
ffordd gwenllian 	2	7
cynffig 	1	7
crwys 	1	7
heol croesty 	2	7
street 	1	7
margared 	1	7
ysgol iau 	2	7
llys coed 	2	7
maes-y-coed 	1	7
clos yr eglwys 	3	7
y dywysoges 	2	7
ffordd nant 	2	7
y gollen 	2	7
ysfa 	1	7
dylan 	1	7
penlan 	1	7
penyrheol 	1	7
ffordd y gogledd 	3	7
y dail 	2	7
golwg yr 	2	7
dywysoges 	1	7
golwg y mor 	3	7
catwg 	1	7
llwyn yr 	2	7
cefn glyn 	2	7
faen 	1	7
cilgant baldwin 	2	7
tywi 	1	7
mes 	1	7
coed cennin 	2	7
maes awel 	2	7
cilgant harvey 	2	7
coed yr 	2	7
rhodfa'r môr 	2	7
rhyl 	1	7
lon bryn 	2	7
cennin 	1	7
felen 	1	7
stryd y castell 	3	7
ffordd maes 	2	7
poplys 	1	7
gwscwm 	1	7
heol-y-graig 	1	7
iâl 	1	7
ffordd y llan 	3	7
coed derw 	2	7
llangrallo 	1	7
llyswen 	1	7
heol gwili 	2	7
powys 	1	7
golygfa 	1	7
traeth ffordd 	2	7
coed cerdinen 	2	7
cae ganol 	2	7
maes padarn 	2	7
ystad 	1	7
maes yr eglwys 	3	7
y llwyn 	2	7
ffordd y gamlas 	3	7
rufeinig 	1	7
y garreg 	2	7
ceiriog 	1	7
myrddin 	1	7
lon-y-felin 	1	7
rhyd 	1	7
lôn cae 	2	7
ffwrnais 	1	7
heol fair 	2	7
cwrt coed 	2	7
y gwynt 	2	7
nedd 	1	7
ffordd pentre 	2	7
y blodau 	2	7
stryd y ffynnon 	3	7
bro wen 	2	7
heol yr afon 	3	7
heol y ffynnon 	3	7
heol cynan 	2	7
ysgol uwchradd 	2	7
llys cilsaig 	2	7
ddol 	1	7
gwennol 	1	7
heol cefn 	2	7
banc y 	2	7
heol-y-bont 	1	7
gwyrdd 	1	7
maes mawr 	2	7
lon cefn 	2	7
heol graig 	2	7
y cribyn 	2	7
dail 	1	7
y pandy 	2	7
maes derwydd 	2	7
mynachlog 	1	7
y bwlch 	2	7
meddyg 	1	7
stryd las 	2	7
lon y felin 	3	7
heol llangrallo 	2	7
hafan yr 	2	7
lon fawr 	2	7
cae nant 	2	7
ffordd y brenin 	3	7
sarn bach 	2	7
salem 	1	7
maes cynbryd 	2	7
y ddol 	2	7
heol llyswen 	2	7
henblas 	1	7
wynne 	1	7
coedlan y 	2	7
cilgwyn 	1	7
maes y rhedyn 	3	7
glo 	1	7
rhodfa'r orsaf 	2	7
talwrn 	1	7
trelales 	1	7
pen yr 	2	7
penrhos 	1	7
gwynt 	1	7
plas bute 	2	7
andrews 	1	7
lôn cefn glyn 	3	7
eglwys y 	2	7
heol goffa 	2	7
heol y meinciau 	3	7
heol bro 	2	7
neuadd y 	2	7
helig 	1	7
yr eithin 	2	7
crib 	1	7
gele 	1	7
sirius 	1	7
heol pen y 	3	7
llys nant 	2	7
gwili 	1	7
pennant 	1	7
ial 	1	7
ffawydden 	1	7
y dŵr 	2	7
heol eglwys fair 	3	7
ffordd y glowyr 	3	7
alban 	1	7
y geifr 	2	7
berwyn 	1	7
bryn y 	2	7
stryd y mynach 	3	7
yr ysfa 	2	7
albert 	1	7
heol conwy 	2	7
illtyd 	1	7
yr helyg 	2	7
dol y 	2	7
dan y cribyn 	3	7
lwyd 	1	7
ffordd tan y 	3	7
y waen 	2	7
garw 	1	7
croesty 	1	7
stryd y dwr 	3	7
ffordd yr onnen 	3	7
geifr 	1	7
tan yr eglwys 	3	7
heol iago 	2	7
rhydaman 	1	7
heol y capel 	3	7
crawia 	1	7
heol y deri 	3	7
ffordd garth 	2	7
cae capel 	2	7
rhiw'r 	1	7
heol bro wen 	3	7
seion 	1	7
ffordd y plas 	3	6
heol y glyn 	3	6
maes y grug 	3	6
ffordd pentraeth 	2	6
min y 	2	6
glaslyn 	1	6
primary school 	2	6
llys caradog 	2	6
park 	1	6
heol abergwili 	2	6
stryd newydd 	2	6
maes-yr-eglwys 	1	6
cae coed 	2	6
wyddgrug 	1	6
belmont 	1	6
llys baldwin 	2	6
stryt fawr 	2	6
llydan 	1	6
ffordd y parc 	3	6
glan-yr-afon 	1	6
ffordd kinderley 	2	6
heol gwyrosydd 	2	6
llwyn celyn 	2	6
y crochan 	2	6
yr haul 	2	6
bethesda 	1	6
abergwili 	1	6
crochan 	1	6
maes llwynonn 	2	6
llundain 	1	6
penrhyn 	1	6
heol ysgawen 	2	6
catrin 	1	6
traws 	1	6
bedol 	1	6
gwylan 	1	6
caerlan 	1	6
ffordd traws cwm 	3	6
tywysog cymru 	2	6
gwelfryn 	1	6
llys pentre 	2	6
promenâd 	1	6
pentre mawr 	2	6
rhodfa'r gogledd 	2	6
kinderley 	1	6
min yr afon 	3	6
y cwrt 	2	6
gwy 	1	6
sonlli 	1	6
eirlys 	1	6
maes mona 	2	6
madoc 	1	6
ffordd y dywysoges margared 	4	6
alaw 	1	6
yr alarch 	2	6
maes hir 	2	6
tudno 	1	6
dywysoges margared 	2	6
pistyll 	1	6
hendy 	1	6
lon-y-parc 	1	6
parc tir 	2	6
cadfan 	1	6
maes-y-dderwen 	1	6
maes derwen 	2	6
ysgol babanod 	2	6
lon heulog 	2	6
tan y cae 	3	6
dolau fan 	2	6
heol rhedyn 	2	6
ffordd william morgan 	3	6
gwendraeth 	1	6
ffordd dinas 	2	6
maes y pandy 	3	6
ffordd y dywysoges 	3	6
towyn 	1	6
ffordd tŷ 	2	6
wylfa 	1	6
bold 	1	6
canolog 	1	6
heol gelynen 	2	6
parc tir y 	3	6
ffordd gwelfryn 	2	6
maes llydan 	2	6
gelynen 	1	6
tan yr allt 	3	6
miaren 	1	6
maes rhun 	2	6
traws cwm 	2	6
hedydd 	1	6
coed parc 	2	6
picton 	1	6
clun 	1	6
heol heddwch 	2	6
gerddi bryneglwys 	2	6
wawr 	1	6
cae garw 	2	6
heol aneurin 	2	6
y dug 	2	6
ffordd traws 	2	6
y dywysoges margared 	3	6
gwyrosydd 	1	6
parc yr onnen 	3	6
y prior 	2	6
trelawnyd 	1	6
elin 	1	6
ffordd ty 	2	6
llwyn beuno 	2	6
ffordd derwen 	2	6
golwg y rhodfa 	3	6
ffordd y traeth 	3	6
llanfair 	1	6
heol y frenhines victoria 	4	6
william morgan 	2	6
gwys 	1	6
arfryn 	1	6
mieri 	1	6
cregyn 	1	6
yr ala 	2	6
y frenhines victoria 	3	6
ffordd y graig 	3	6
clyd 	1	6
heol dolau 	2	6
y gog 	2	6
parc glas 	2	6
sgwar y 	2	6
theatr 	1	6
primary 	1	6
lon isallt 	2	6
gethin 	1	6
dref 	1	6
llys y dderwen 	3	6
ynn 	1	6
merioneth 	1	6
taliesin 	1	6
heol-y-llan 	1	6
stryd y capel 	3	6
clawdd 	1	6
dug 	1	6
sycamorwydden 	1	6
stanley 	1	6
ala 	1	6
cae llan 	2	6
maes seiriol 	2	6
parc tir y coed 	4	6
ffordd y bont 	3	6
rhun 	1	6
penrallt 	1	6
tre dwr 	2	6
heol derwen 	2	6
ffordd y frenhines 	3	6
gwair 	1	6
telford 	1	6
y lon 	2	6
ddraenen 	1	6
golff 	1	6
cenedlaethol 	1	6
plwyf 	1	6
lon isaf 	2	6
rhodfa tywysog cymru 	3	6
brenhinol 	1	6
llwynonn 	1	6
llwyn bedw 	2	6
ffordd penrhos 	2	6
marchog 	1	6
morgannwg 	1	6
maes y dyffryn 	3	6
heol spencer 	2	6
dan yr 	2	6
maes afallen 	2	6
heol dolau fan 	3	6
frenhines victoria 	2	6
ffordd glan y môr 	4	6
ffordd sonlli 	2	6
tŷ'n y 	2	6
heol tre 	2	6
heol clwyd 	2	6
y cei 	2	6
maes yr odyn 	3	6
pen y bryn 	3	6
crochendy 	1	6
heol caemawr 	2	6
maes y crochan 	3	6
isallt 	1	6
bodlondeb 	1	6
ffordd newydd llai 	3	6
terfyn 	1	6
heol-y-deri 	1	6
y rhyl 	2	6
tirion 	1	6
cae bold 	2	6
iechyd 	1	6
y bedol 	2	6
madog 	1	6
maes y goron 	3	6
rhodfa tywysog 	2	6
heol-yr-ysgol 	1	6
brith 	1	6
marged 	1	6
cylchfan 	1	6
newydd llai 	2	6
rhodfa coed 	2	6
taf 	1	6
lon coed 	2	6
penderyn 	1	6
bedwell 	1	6
maelor 	1	6
dôl 	1	6
cae mair 	2	6
heol ffynnon 	2	6
pentraeth 	1	6
clos tir 	2	6
heol crochendy 	2	6
llew 	1	6
ffordd trelawnyd 	2	6
heli 	1	6
ty mawr 	2	6
caemawr 	1	6
maes meddyg 	2	6
cyngor 	1	6
heol cwm 	2	6
heol gwys 	2	6
yr wyddgrug 	2	6
heol pont 	2	6
llys y brenin 	3	6
bryneglwys 	1	6
gruffydd 	1	6
ffordd yr wyddgrug 	3	6
lydan 	1	6
ffordd rufeinig 	2	6
ffordd elin 	2	6
y wawr 	2	6
trem yr afon 	3	6
maes emlyn 	2	6
heol merioneth 	2	6
bevan 	1	6
rhodfa llwyfen 	2	6
heol llanelli 	2	5
yr heli 	2	5
cwrt lando 	2	5
penygwndwn 	1	5
tros yr 	2	5
clos st. 	2	5
i ymwelwyr 	2	5
heol bryncwils 	2	5
yr ochr 	2	5
arenig 	1	5
tros yr afon 	3	5
melin blwm 	2	5
heol crwys 	2	5
rhodfa porth 	2	5
yr hafan 	2	5
ffordd dyserth 	2	5
llys eithin 	2	5
y ddraenen 	2	5
southdown 	1	5
llew du 	2	5
llys y coed 	3	5
ffordd llanllechid 	2	5
heol waun y 	3	5
stryd-yr-eglwys 	1	5
ffordd dulyn 	2	5
briallen 	1	5
ysgol gymunedol 	2	5
goronwy 	1	5
maes ial 	2	5
ednyfed 	1	5
heol abertawe 	2	5
brynawel 	1	5
ffordd maescwarrau 	2	5
heol rotari 	2	5
sesswick 	1	5
ffordd tegid 	2	5
dwynwen 	1	5
llys sant 	2	5
ffordd-y-pandy 	1	5
buarth 	1	5
y clun 	2	5
chwarel 	1	5
glanrafon 	1	5
llys dedwydd 	2	5
rhes cwstenin 	2	5
meurig 	1	5
cennen 	1	5
corn 	1	5
southleigh 	1	5
ffrydan 	1	5
penglais 	1	5
parc yr eos 	3	5
cae rhys 	2	5
pant gwyn 	2	5
ddwr 	1	5
maes y dre 	3	5
tywyn 	1	5
heol yr hen gastell 	4	5
llwyn teg 	2	5
caradoc 	1	5
ffordd sesswick 	2	5
trefynrwy 	1	5
chloch blymio 	2	5
cae porth 	2	5
porth yr abaty 	3	5
parc castell 	2	5
clos st. illtyds 	3	5
fer 	1	5
werdd 	1	5
tomos 	1	5
maes y fron 	3	5
wesla 	1	5
llanishen fach 	2	5
onen 	1	5
lôn sarn 	2	5
rhodfa martyn 	2	5
heol y pentref 	3	5
lon engan 	2	5
gefn 	1	5
cefn-yr-hendy 	1	5
maesycoed 	1	5
bronwydd 	1	5
llys y môr 	3	5
evans 	1	5
ffridd 	1	5
gerddi wynnstay 	2	5
parcio i ymwelwyr 	3	5
argoed 	1	5
lando 	1	5
pen-y-maes 	1	5
rhodfa porth yr 	3	5
gastell 	1	5
swn 	1	5
ar 	1	5
rhodfa porth yr abaty 	4	5
canolfan iechyd 	2	5
ffordd ysgethin 	2	5
heol cae'r bont 	3	5
lon ganol 	2	5
cae dafydd 	2	5
parcwr 	1	5
maes aled 	2	5
sant teilo 	2	5
heol lan 	2	5
heol pentre 	2	5
stryd wesla 	2	5
heol llanishen 	2	5
havard 	1	5
heol graig felen 	3	5
llewellyn 	1	5
llwyn-y-bryn 	1	5
sŵn yr afon 	3	5
maes y glyn 	3	5
stryd lydan 	2	5
haearn 	1	5
cynlas 	1	5
eglwyswen 	1	5
llys catwg 	2	5
llys cynon 	2	5
lon spencer 	2	5
llys dyffryn 	2	5
afallon 	1	5
faenor 	1	5
heol pant y 	3	5
llanishen 	1	5
bryncwils 	1	5
maes yr hafod 	3	5
hen ffordd bwlchgwyn 	3	5
ffordd dawel 	2	5
heol pont y 	3	5
maes y bedol 	3	5
rhodfa lloyd george 	3	5
pentre gwyn 	2	5
pentre afan 	2	5
llwyn yr eos 	3	5
pedwar 	1	5
heol ffrydan 	2	5
dan-y-bryn 	1	5
tan yr wylfa 	3	5
heol fach y 	3	5
heol ty gwyn 	3	5
heol ty crwn 	3	5
lon ceiriog 	2	5
gwynant 	1	5
y berth 	2	5
lôn parcwr 	2	5
ffordd bwlchgwyn 	2	5
lafant 	1	5
pentwyn 	1	5
heol southdown 	2	5
eglwys chloch blymio 	3	5
elan 	1	5
cae llwyd 	2	5
rotari cenedlaethol 	2	5
pantyllyn 	1	5
rhodfa coed cerdinen 	3	5
cwrt bryn 	2	5
pedrog 	1	5
cae'r bont 	2	5
golygfa deg 	2	5
dedwydd 	1	5
lon-yr-orsaf 	1	5
heol rhosyn 	2	5
graig felen 	2	5
cattwg 	1	5
ffordd morfa bychan 	3	5
maes myrddin 	2	5
maes-y-gog 	1	5
harlech 	1	5
y cilgant 	2	5
penpant 	1	5
heol cennen 	2	5
gymraeg 	1	5
porth mawr 	2	5
heol rotari cenedlaethol 	3	5
pentre'r 	1	5
yr esgob 	2	5
lon derw 	2	5
leyshon 	1	5
brynglas 	1	5
lôn sarn bach 	3	5
ioan 	1	5
cynon 	1	5
ffordd brynheulog 	2	5
yr hen gastell 	3	5
cadnant 	1	5
cefn coed 	2	5
maes yr awel 	3	5
lon dolafon 	2	5
fach y 	2	5
y delyn 	2	5
ffordd y gorllewin 	3	5
pentre uchaf 	2	5
abad 	1	5
ffordd glyndwr 	2	5
frondeg 	1	5
llanllechid 	1	5
blwm 	1	5
maes y waun 	3	5
y poplys 	2	5
ffordd y goedwig 	3	5
maesteg 	1	5
yr ogof 	2	5
lloyd george 	2	5
y crug 	2	5
edward 	1	5
stryd y santes 	3	5
martyn 	1	5
gerddi picton 	2	5
stryd y gwynt 	3	5
heol cae'r 	2	5
heol llan 	2	5
coed helen 	2	5
lon rhoslyn 	2	5
glasfryn 	1	5
ffordd glyn 	2	5
dyserth 	1	5
rhoslyn 	1	5
heol y gogledd 	3	5
y rhos 	2	5
ysgol y 	2	5
llys cregyn 	2	5
ffordd eglwyswen 	2	5
brombil 	1	5
heol hebog 	2	5
rhodfar 	1	5
maes-y-llan 	1	5
stryd y berllan 	3	5
maes y berllan 	3	5
gwynno 	1	5
yr wylfa 	2	5
cwrlwys 	1	5
parc busnes 	2	5
cae maen 	2	5
alyn 	1	5
heol gwrgan 	2	5
waterloo 	1	5
camlas 	1	5
y dref 	2	5
gwernen 	1	5
ffordd y bryn 	3	5
teras y 	2	5
tŷ'n y cae 	3	5
lon celynnen 	2	5
bryn coch 	2	5
lon pantyllyn 	2	5
ffordd pant 	2	5
heol pentre'r 	2	5
llys fammau 	2	5
morlais 	1	5
rotari 	1	5
clos man-teg 	2	5
talbot 	1	5
cwrt hendre 	2	5
bran 	1	5
carw 	1	5
joseff 	1	5
hen lôn 	2	5
eglwys chloch 	2	5
rhodfa mes 	2	5
lon hafren 	2	5
pen y maes 	3	5
clai 	1	5
maes tegid 	2	5
stryd y porth 	3	5
bwlchgwyn 	1	5
stryd-y-capel 	1	5
cillefwr 	1	5
ffordd y rhyl 	3	5
maes gerddi 	2	5
heol dinas 	2	5
ffordd parc castell 	3	5
ffordd dinefwr 	2	5
tan-yr-allt 	1	5
cresawnt 	1	5
lon y parc 	3	5
ffordd trefynrwy 	2	5
st. illtyds 	2	5
pengwern 	1	5
idwal 	1	5
morfa bychan 	2	5
ysgethin 	1	5
heol llanishen fach 	3	5
dyfi 	1	5
llys y nant 	3	5
heol y dderwen 	3	5
cwrt newydd 	2	5
glas y 	2	5
heol dewi sant 	3	5
san steffan 	2	5
nebo 	1	5
ffordd ystrad 	2	5
mabon 	1	5
rhodfa san 	2	5
heol tre dwr 	3	5
pentre isaf 	2	5
ffordd cynan 	2	5
clos golwg 	2	5
heol salem 	2	5
y drindod 	2	5
penrhiw 	1	5
kensington 	1	5
ymwelwyr 	1	5
heol morlais 	2	5
waun y 	2	5
y llys 	2	5
cwrt coed parc 	3	5
sion 	1	5
rhosod 	1	5
llys teg 	2	5
rhodfa lloyd 	2	5
carreg 	1	5
maes ogwen 	2	5
lindys 	1	5
craig 	1	5
walter 	1	5
ffordd cefn-yr-hendy 	2	5
heol glaslyn 	2	5
heol y bwlch 	3	5
cwellyn 	1	5
ffordd amazon 	2	5
fford 	1	5
rhodfa clwyd 	2	5
rheidol 	1	5
heol ton 	2	5
banc y felin 	3	5
llech 	1	5
llywelyn 	1	5
ffordd uchaf 	2	5
ffordd parc y 	3	5
tan yr efail 	3	5
deiniol 	1	5
hen gastell 	2	5
stryd y santes fair 	4	5
heol collen 	2	5
heol y cwrt 	3	5
clos gwennol 	2	5
road 	1	5
swn yr 	2	5
busnes 	1	5
lligwy 	1	5
gatholig 	1	5
tynewydd 	1	5
siglen 	1	5
cwrt y dderwen 	3	5
ogof 	1	5
croes cwrlwys 	2	5
treffynnon 	1	5
maescwarrau 	1	5
chloch 	1	5
blymio 	1	5
ynys y 	2	5
degwm 	1	5
man-teg 	1	5
russell 	1	5
calch 	1	5
llys dewi sant 	3	5
illtyds 	1	5
brynheulog 	1	5
yr abad 	2	5
parcio i 	2	5
llarwydd 	1	5
llanelli 	1	5
ty crwn 	2	5
amazon 	1	5
brynmor 	1	5
trem yr eglwys 	3	5
