ರಸ್ತೆ 	1	5983
ಅಡ್ಡ 	1	2010
ಅಡ್ಡ ರಸ್ತೆ 	2	1998
ಮುಖ್ಯ 	1	1719
ಮುಖ್ಯ ರಸ್ತೆ 	2	1712
ಶಾಲೆ 	1	1116
ಸರ್ಕಾರಿ 	1	1000
ಪ್ರಾಥಮಿಕ 	1	984
ಪ್ರಾಥಮಿಕ ಶಾಲೆ 	2	867
ದೇವಸ್ಥಾನ 	1	811
ಹಿರಿಯ 	1	467
ಹಿರಿಯ ಪ್ರಾಥಮಿಕ 	2	463
ಹಿರಿಯ ಪ್ರಾಥಮಿಕ ಶಾಲೆ 	3	447
ಕಿರಿಯ 	1	396
ಕಿರಿಯ ಪ್ರಾಥಮಿಕ 	2	394
ಸರ್ಕಾರಿ ಹಿರಿಯ 	2	394
ಸರ್ಕಾರಿ ಹಿರಿಯ ಪ್ರಾಥಮಿಕ 	3	390
ಸರ್ಕಾರಿ ಹಿರಿಯ ಪ್ರಾಥಮಿಕ ಶಾಲೆ 	4	377
ಕಿರಿಯ ಪ್ರಾಥಮಿಕ ಶಾಲೆ 	3	371
ಸರ್ಕಾರಿ ಕಿರಿಯ 	2	340
ಸರ್ಕಾರಿ ಕಿರಿಯ ಪ್ರಾಥಮಿಕ 	3	338
ಸರ್ಕಾರಿ ಕಿರಿಯ ಪ್ರಾಥಮಿಕ ಶಾಲೆ 	4	321
ಆರೋಗ್ಯ 	1	319
ವರ್ತುಲ 	1	252
ವರ್ತುಲ ರಸ್ತೆ 	2	252
ಆರೋಗ್ಯ ಉಪಕೇಂದ್ರ 	2	232
ಉಪಕೇಂದ್ರ 	1	232
ಹೊರ 	1	191
ಹೊರ ವರ್ತುಲ 	2	190
ಹೊರ ವರ್ತುಲ ರಸ್ತೆ 	3	190
ಆಸ್ಪತ್ರೆ 	1	188
ಅಂಗನವಾಡಿ 	1	166
ಹೆದ್ದಾರಿ 	1	157
ಬ್ಯಾಂಕ್ 	1	155
ಬಸ್ 	1	142
ವಿಜಯಪುರ 	1	135
ಶ್ರೀ 	1	131
ನಿಲ್ದಾಣ 	1	124
ವಿಜಯಪುರ ರಸ್ತೆ 	2	121
ಬಸ್ ನಿಲ್ದಾಣ 	2	110
ಕೇಂದ್ರ 	1	107
ಬಳ್ಳಾರಿ 	1	97
ಠಾಣೆ 	1	94
ಆರಕ್ಷಕ 	1	88
ಆರಕ್ಷಕ ಠಾಣೆ 	2	87
ಆರೋಗ್ಯ ಕೇಂದ್ರ 	2	87
ಕಛೇರಿ 	1	83
ಪ್ರೌಡಶಾಲೆ 	1	79
ಪ್ರಾಥಮಿಕ ಆರೋಗ್ಯ 	2	78
ಪ್ರಾಥಮಿಕ ಆರೋಗ್ಯ ಕೇಂದ್ರ 	3	78
ಬಳ್ಳಾರಿ ರಸ್ತೆ 	2	76
ಸ್ವಾಮಿ 	1	74
ಮಠ 	1	71
ಗಣೇಶ 	1	68
ಹನುಮಂತ 	1	66
ಹೊಸೂರು 	1	66
ಹೊಸೂರು ರಸ್ತೆ 	2	64
ಮಸೀದಿ 	1	64
ದೇವಾಲಯ 	1	63
ಕಾಲೇಜು 	1	63
ಹನುಮಂತ ದೇವಸ್ಥಾನ 	2	62
ಮೈಸೂರು 	1	62
ಗಣೇಶ ದೇವಸ್ಥಾನ 	2	61
ಬೈಪಾಸ್ 	1	58
ಅಂಚೆ 	1	57
ಸರ್ಕಾರಿ ಆಸ್ಪತ್ರೆ 	2	56
ಅಂಚೆ ಕಛೇರಿ 	2	56
ಹಳೆ 	1	54
ಸ್ಟೇಟ್ ಬ್ಯಾಂಕ್ 	2	53
ಸ್ಟೇಟ್ 	1	53
ಉರ್ದು 	1	53
ಗಣಪತಿ 	1	51
ಬೆಂಗಳೂರು-ಮೈಸೂರು 	1	51
ಭಾರತೀಯ 	1	51
ಬೆಂಗಳೂರು-ಮೈಸೂರು ಹೆದ್ದಾರಿ 	2	51
ಸರ್ಕಾರಿ ಪ್ರೌಡಶಾಲೆ 	2	50
ಪ್ರೌಡ 	1	49
ಭಾರತೀಯ ಸ್ಟೇಟ್ 	2	47
ಪ್ರೌಡ ಶಾಲೆ 	2	47
ಆಂಜನೇಯ 	1	47
ಭಾರತೀಯ ಸ್ಟೇಟ್ ಬ್ಯಾಂಕ್ 	3	47
ವೃತ್ತ 	1	46
ಗಣಪತಿ ದೇವಸ್ಥಾನ 	2	44
ಆಂಜನೇಯ ದೇವಸ್ಥಾನ 	2	42
ಗಾಂಧಿ 	1	42
ಮೈಸೂರು ಬ್ಯಾಂಕ್ 	2	41
ಬ್ಯಾಂಕು 	1	40
ಉರ್ದು ಶಾಲೆ 	2	40
ಮಾರ್ಗ 	1	38
ಬಸವೇಶ್ವರ 	1	38
ಬೈಪಾಸ್ ರಸ್ತೆ 	2	37
ಹಳೆ ಮದ್ರಾಸ್ 	2	36
ಪ್ರಾಥಮಿಕ ಉರ್ದು ಶಾಲೆ 	3	36
ಹಳೆ ಮದ್ರಾಸ್ ರಸ್ತೆ 	3	36
ಮದ್ರಾಸ್ ರಸ್ತೆ 	2	36
ಪ್ರಾಥಮಿಕ ಉರ್ದು 	2	36
ಮದ್ರಾಸ್ 	1	36
ವಿದ್ಯಾಲಯ 	1	36
ಅಡಿ 	1	35
ಎ 	1	35
ವಿವೇಕಾನಂದ 	1	34
ನಿ 	1	34
ಬೆಂಗಳೂರು 	1	33
ಮಂದಿರ 	1	32
ರ.ಸ 	1	31
ಕ.ರ 	1	31
ಸ್ವಾಮಿ ದೇವಸ್ಥಾನ 	2	31
ಸಾಗರ 	1	30
ಸರ್ಕಾರಿ ಶಾಲೆ 	2	30
ಮಹಾತ್ಮ 	1	30
ಬೆಂಗಳೂರು-ಮಂಗಳೂರು ಹೆದ್ದಾರಿ 	2	29
ಮಹಾತ್ಮ ಗಾಂಧಿ 	2	29
ಹರಿಹರ 	1	29
ಹೊಸಪೇಟೆ 	1	29
ನಗರ 	1	29
ಬೆಂಗಳೂರು-ಮಂಗಳೂರು 	1	29
ಐಸಿಐಸಿಐ 	1	28
ಬಸ್ ನಿಲ್ದಾನ 	2	28
ರಾಘವೇಂದ್ರ 	1	28
ವಿವೇಕಾನಂದ ರಸ್ತೆ 	2	28
ನಿಲ್ದಾನ 	1	28
ಶಿವ 	1	27
ಪ್ರೌಢ ಶಾಲೆ 	2	27
ಕೆನರಾ 	1	27
ಗಾಂಧಿ ರಸ್ತೆ 	2	27
ಪ್ರೌಢ 	1	27
ಬೀದಿ 	1	27
ಐಸಿಐಸಿಐ ಬ್ಯಾಂಕು 	2	27
ಬೆಳಗಾವಿ 	1	27
ಕೆನರಾ ಬ್ಯಾಂಕ್ 	2	26
ಹೊಸ 	1	26
ಮಹಾತ್ಮ ಗಾಂಧಿ ರಸ್ತೆ 	3	25
ಶಿವ ದೇವಸ್ಥಾನ 	2	25
ಅಡಿ ರಸ್ತೆ 	2	25
ಪಂಚಾಯಿತಿ 	1	24
ಕೃಷ್ಣ 	1	24
ಮಾದರಿ 	1	24
ಮಾರೆಮ್ಮ ದೇವಸ್ಥಾನ 	2	24
ಮಾರೆಮ್ಮ 	1	24
ಕಿರಿಯ ಪ್ರಾಥಮಿಕ ಉರ್ದು 	3	22
ಸರ್ಕಾರಿ ಪ್ರೌಢ ಶಾಲೆ 	3	22
ಸರ್ಕಾರಿ ಮಾದರಿ 	2	22
ದೇವಸ್ತಾನ 	1	22
ಫೀಲ್ಡ್ 	1	22
ವೈಟ್ ಫೀಲ್ಡ್ 	2	22
ವೈಟ್ 	1	22
ಸರ್ಕಾರಿ ಪ್ರೌಡ 	2	22
ದೇವಮ್ಮ 	1	22
ಕಿರಿಯ ಪ್ರಾಥಮಿಕ ಉರ್ದು ಶಾಲೆ 	4	22
ಸಾಗರ ರಸ್ತೆ 	2	22
ದೇವಮ್ಮ ದೇವಸ್ಥಾನ 	2	22
ಸರ್ಕಾರಿ ಪ್ರೌಢ 	2	22
ಕಲ್ಯಾಣ 	1	21
ಹೆಣ್ಣೂರು 	1	21
ಪಣಜಿ ಹೆದ್ದಾರಿ 	2	21
ಸರ್ಕಾರಿ ಪ್ರೌಡ ಶಾಲೆ 	3	21
ರಾಘವೇಂದ್ರ ಸ್ವಾಮಿ 	2	21
ಬೆಳಗಾವಿ ಪಣಜಿ ಹೆದ್ದಾರಿ 	3	21
ಬಿ 	1	21
ಸರ್ಜಾಪುರ 	1	21
ಬೆಳಗಾವಿ ಪಣಜಿ 	2	21
ಪಣಜಿ 	1	21
ತುಮಕೂರು 	1	21
ಬನ್ನೇರುಘಟ್ಟ ರಸ್ತೆ 	2	20
ದಾವಣಗೆರೆ 	1	20
ತುಮಕೂರು ರಸ್ತೆ 	2	20
ಬನ್ನೇರುಘಟ್ಟ 	1	20
ಸರ್ಕಾರಿ ಪ್ರಾಥಮಿಕ 	2	20
ಸರ್ಜಾಪುರ ರಸ್ತೆ 	2	20
ರಾಮ 	1	20
ಎ ಮುಖ್ಯ ರಸ್ತೆ 	3	19
ಗ್ರಂಥಾಲಯ 	1	19
ವೈಟ್ ಫೀಲ್ಡ್ ರಸ್ತೆ 	3	19
ಅಡ್ಡರಸ್ತೆ 	1	19
ಸ್ವಾಮಿ ಮಠ 	2	19
ಬಸವಣ್ಣ 	1	19
ಫೀಲ್ಡ್ ರಸ್ತೆ 	2	19
ಕನಕಪುರ 	1	19
ಬಸವೇಶ್ವರ ದೇವಸ್ಥಾನ 	2	19
ಎ ಮುಖ್ಯ 	2	19
ಅರಮನೆ 	1	18
ಸಾಯಿಬಾಬಾ 	1	18
ಅರಮನೆ ರಸ್ತೆ 	2	18
ಸರಸ್ವತಿಪುರಂ 	1	18
ರಾಮಕೃಷ್ಣ 	1	18
ವಿ 	1	18
ಮಂಟಪ 	1	18
ಸ್ಟೇಶನ್ 	1	18
ದೇವಸ್ಥಾನ ರಸ್ತೆ 	2	18
ಬಸವಣ್ಣ ದೇವಸ್ಥಾನ 	2	18
ವೆಂಕಟೇಶ್ವರ 	1	18
ಬೆಂಗಳೂರು ರಸ್ತೆ 	2	18
ಪಿ 	1	18
ವಿದ್ಯಾನಗರ 	1	17
ರಾವ್ 	1	17
ರಾಮನ್ 	1	17
ಆಸ್ಪತ್ರೆ ರಸ್ತೆ 	2	17
ಸರ್ಕಾರಿ ಪ್ರಾಥಮಿಕ ಶಾಲೆ 	3	17
ದಾವಣಗೆರೆ ಬೈಪಾಸ್ 	2	17
ಬೈಪಾಸ್ ಹೆದ್ದಾರಿ 	2	17
ಹುಬ್ಬಳ್ಳಿ-ಧಾರವಾಡ 	1	17
ದಾವಣಗೆರೆ ಬೈಪಾಸ್ ಹೆದ್ದಾರಿ 	3	17
ರಾಘವೇಂದ್ರ ಸ್ವಾಮಿ ಮಠ 	3	17
ಸ್ಟೇಶನ್ ರಸ್ತೆ 	2	17
ಎಸ್ 	1	17
ಕನಕಪುರ ರಸ್ತೆ 	2	17
ವಿಜಯ 	1	17
ಹೊಸಪೇಟೆ ರಸ್ತೆ 	2	17
ಐ 	1	16
ಸರ್ಕಾರಿ ಕಿರಿಯ ಪ್ರಾಥಮಿಕ ಉರ್ದು ಶಾಲೆ 	5	16
ಬೇಗೂರು 	1	16
ಕರ್ನಾಟಕ 	1	16
ವಿನಾಯಕ 	1	16
ಸರ್ಕಾರಿ ಕಿರಿಯ ಪ್ರಾಥಮಿಕ ಉರ್ದು 	4	16
ರಾಮನ್ ರಸ್ತೆ 	2	16
ಸಂತ 	1	16
ಕಲ್ಯಾಣ ಮಂಟಪ 	2	16
ಅಂಬೇಡ್ಕರ್ 	1	15
ರಾವ್ ರಸ್ತೆ 	2	15
ಪಂಚಾಯಿತಿ ಕಛೇರಿ 	2	15
ಕೃಷ್ಣರಾಜ 	1	15
ಮಾಗಡಿ ರಸ್ತೆ 	2	15
ಮಾಗಡಿ 	1	15
ಗುಡಿ 	1	15
ಮಲ್ಪೆ 	1	15
ಹುಬ್ಬಳ್ಳಿ-ಧಾರವಾಡ ಬೈಪಾಸ್ 	2	15
ಬಳ್ಳಾರಿ ವರ್ತುಲ 	2	15
ವರ್ತೂರು 	1	15
ಹುಬ್ಬಳ್ಳಿ-ಧಾರವಾಡ ಬೈಪಾಸ್ ರಸ್ತೆ 	3	15
ಸೊಲ್ಲಾಪುರ 	1	15
ಬಳ್ಳಾರಿ ವರ್ತುಲ ರಸ್ತೆ 	3	15
ಮೈಸೂರು ರಸ್ತೆ 	2	15
ಭವನ 	1	15
ರಸ್ತೆ ವಿದ್ಯಾನಗರ 	2	14
ಜೈನ 	1	14
ಮಾದರಿ ಪ್ರಾಥಮಿಕ 	2	14
ಪಶುವೈದ್ಯ ಆಸ್ಪತ್ರೆ 	2	14
ಹಿರಿಯ ಪ್ರಾಥಮಿಕ ಉರ್ದು 	3	14
ತೀರ್ಥಹಳ್ಳಿ 	1	14
ಬಾಗಲೂರು ರಸ್ತೆ 	2	14
ಕೃಷ್ಣ ರಾಜೇಂದ್ರ 	2	14
ಬನ್ನೂರು ರಸ್ತೆ 	2	14
ಕೃಷ್ಣರಾಜ ಸಾಗರ ರಸ್ತೆ 	3	14
ಡಾ 	1	14
ಸಾಯಿಬಾಬಾ ದೇವಸ್ಥಾನ 	2	14
ಬನ್ನೂರು 	1	14
ಪಶುವೈದ್ಯ 	1	14
ಮಣಿಪಾಲ 	1	14
ಮತ್ತು 	1	14
ಕೃಷ್ಣರಾಜ ಸಾಗರ 	2	14
ಅಯ್ಯಪ್ಪ 	1	14
ಹಿರಿಯ ಪ್ರಾಥಮಿಕ ಉರ್ದು ಶಾಲೆ 	4	14
ರಾಜೇಂದ್ರ 	1	14
ಕೇಂದ್ರಿಯ 	1	14
ಬಾಗಲೂರು 	1	14
ಮಾದರಿ ಪ್ರಾಥಮಿಕ ಶಾಲೆ 	3	14
ವೆಂಕಟೇಶ್ವರ ದೇವಸ್ಥಾನ 	2	13
ಮಣಿಪಾಲ ರಸ್ತೆ 	2	13
ವಿ ಐ ಪಿ 	3	13
ವಿಜಯಪುರ ಬೈಪಾಸ್ 	2	13
ಸ್ವಾಮಿ ವಿವೇಕಾನಂದ 	2	13
ರಾಜೇಂದ್ರ ರಸ್ತೆ 	2	13
ವಿನಾಯಕ ದೇವಸ್ಥಾನ 	2	13
ಅಡ್ಡ ರಸ್ತೆ ವಿದ್ಯಾನಗರ 	3	13
ಲೇನ್ 	1	13
ಹೆಣ್ಣೂರು ಮುಖ್ಯ 	2	13
ನಾರಾಯಣ 	1	13
ಸರ್ಕಾರಿ ಮಾದರಿ ಪ್ರಾಥಮಿಕ ಶಾಲೆ 	4	13
ನೈಸ್ 	1	13
ಕನ್ನಡ 	1	13
ಐ ಪಿ ರಸ್ತೆ 	3	13
ಪಿ ರಸ್ತೆ 	2	13
ವಿ ಐ ಪಿ ರಸ್ತೆ 	4	13
ವಿಜಯಪುರ ಬೈಪಾಸ್ ರಸ್ತೆ 	3	13
ವಿ ಐ 	2	13
ಮಸೀದಿ ರಸ್ತೆ 	2	13
ವರ್ತೂರು ರಸ್ತೆ 	2	13
ನೈಸ್ ರಸ್ತೆ 	2	13
ಸರ್ಕಾರಿ ಮಾದರಿ ಪ್ರಾಥಮಿಕ 	3	13
ಹೆಣ್ಣೂರು ಮುಖ್ಯ ರಸ್ತೆ 	3	13
ಕೃಷ್ಣ ರಾಜೇಂದ್ರ ರಸ್ತೆ 	3	13
ಐ ಪಿ 	2	13
ಚೆನ್ನಕೇಶವ 	1	12
ವೈದ್ಯಕೀಯ 	1	12
ಸರ್ಕಾರಿ ಹಿರಿಯ ಪ್ರಾಥಮಿಕ ಉರ್ದು ಶಾಲೆ 	5	12
ತಾಂಡ 	1	12
ಗ್ರಾಮ ಪಂಚಾಯಿತಿ 	2	12
ಮಹಾಲಿಂಗೇಶ್ವರ 	1	12
ಮೋಕ 	1	12
ಜೋಡಿ 	1	12
ಮೋಕ ರಸ್ತೆ 	2	12
ಅಯ್ಯಪ್ಪ ದೇವಸ್ಥಾನ 	2	12
ಚಾಮುಂಡೇಶ್ವರಿ 	1	12
ಜೋಡಿ ರಸ್ತೆ 	2	12
ನೆಹರು 	1	12
ಸ್ವಾಮಿ ವಿವೇಕಾನಂದ ರಸ್ತೆ 	3	12
ಶಿವಮೊಗ್ಗ 	1	12
ಸಿ 	1	12
ಬಾಣಸವಾಡಿ 	1	12
ಸರ್ಕಾರಿ ಹಿರಿಯ ಪ್ರಾಥಮಿಕ ಉರ್ದು 	4	12
ಗ್ರಾಮ 	1	12
ಅಶೋಕ 	1	12
ವಿಜಯ ಬ್ಯಾಂಕು 	2	11
ಉಡುಪಿ-ತೀರ್ಥಹಳ್ಳಿ 	1	11
ಅರಸು ರಸ್ತೆ 	2	11
ವಿಶ್ವಮಾನವ 	1	11
ಉಡುಪಿ-ತೀರ್ಥಹಳ್ಳಿ ಹೆದ್ದಾರಿ 	2	11
ಕರ್ನಾಟಕ ಬ್ಯಾಂಕ್ 	2	11
ದಾರಿ 	1	11
ಹರಿಹರ ರಸ್ತೆ 	2	11
ಶಿವಮೊಗ್ಗ ರಸ್ತೆ 	2	11
ವಿಲಾಸ 	1	11
ಅರಸ ರಸ್ತೆ 	2	11
ಚಾಮುಂಡೇಶ್ವರಿ ದೇವಸ್ಥಾನ 	2	11
ಅರಸ 	1	11
ತಾಲೂಕು 	1	11
ಚಾಮುಂಡಿ 	1	11
ಅರಸು 	1	11
ಹುಬ್ಬಳ್ಳಿ 	1	11
ಮಂಗಳೂರು 	1	10
ರಾಮಕೃಷ್ಣ ವಿವೇಕಾನಂದ ರಸ್ತೆ 	3	10
ಮಾದರಿ ಹಿರಿಯ 	2	10
ಸುಖ್ಯ 	1	10
ಕೇಂದ್ರಿಯ ವಿದ್ಯಾಲಯ 	2	10
ಗೋಕುಲ 	1	10
ಚೌಡಯ್ಯ ರಸ್ತೆ 	2	10
ಕಾರವಾರ 	1	10
ತಿರುಮಲ 	1	10
ಹೆಸರಘಟ್ಟ 	1	10
ವಿಲಾಸ ರಸ್ತೆ 	2	10
ವಿಶ್ವಮಾನವ ರಸ್ತೆ 	2	10
ಸಿದ್ದೇಶ್ವರ 	1	10
ವಾಣಿ ವಿಲಾಸ 	2	10
ವಾಣಿ 	1	10
ಯಲಹಂಕ 	1	10
ಗದಗ 	1	10
ಚಿತ್ರಮಂದಿರ 	1	10
ನಿಲ್ದಾಣ ರಸ್ತೆ 	2	10
ಸಾರ್ವಜನಿಕ 	1	10
ಸರ್ಕಾರಿ ಉರ್ದು 	2	10
ಕುವೆಂಪು 	1	10
ಚೌಡಯ್ಯ 	1	10
ಅಡಿ ವರ್ತುಲ 	2	10
ಗುಬ್ಬಿ 	1	10
ದುರ್ಗಾ 	1	10
ಮೇಳಿಗೆ 	1	10
ಚೆನ್ನಕೇಶವ ದೇವಸ್ಥಾನ 	2	10
ಸುಖ್ಯ ರಸ್ತೆ 	2	10
ಪೈಪ್ಲೈನ್ ರಸ್ತೆ 	2	10
ರಾಮ ದೇವಸ್ಥಾನ 	2	10
ಮಾದರಿ ಹಿರಿಯ ಪ್ರಾಥಮಿಕ 	3	10
ರಾಮಕೃಷ್ಣ ವಿವೇಕಾನಂದ 	2	10
ಅಡಿ ವರ್ತುಲ ರಸ್ತೆ 	3	10
ಪೈಪ್ಲೈನ್ 	1	10
ಮಾದರಿ ಹಿರಿಯ ಪ್ರಾಥಮಿಕ ಶಾಲೆ 	4	10
ಅಶೋಕ ರಸ್ತೆ 	2	9
ಹೊಸಹಳ್ಳಿ 	1	9
ಮಂದಿರ ರಸ್ತೆ 	2	9
ಸರ್ಕಾರಿ ಮಾದರಿ ಹಿರಿಯ 	3	9
ತೀರ್ಥಹಳ್ಳಿ ಶಿವಮೊಗ್ಗ 	2	9
ಗದಗ ರಸ್ತೆ 	2	9
ಗಲ್ಲಿ 	1	9
ಸರ್ಕಾರಿ ಮಾದರಿ ಹಿರಿಯ ಪ್ರಾಥಮಿಕ 	4	9
ಮಹಾಲಿಂಗೇಶ್ವರ ದೇವಸ್ಥಾನ 	2	9
ಮಾರಮ್ಮ 	1	9
ದೇವರಾಜ 	1	9
ಸಯ್ಯಾಜಿ ರಾವ್ 	2	9
ಸರ್ಕಾರಿ ಮಾದರಿ ಹಿರಿಯ ಪ್ರಾಥಮಿಕ ಶಾಲೆ 	5	9
ಶ್ರೀ ರಾಮ 	2	9
ಗ್ರಾಮಂತರ 	1	9
ಕಾರವಾರ ರಸ್ತೆ 	2	9
ಸಯ್ಯಾಜಿ 	1	9
ಸಯ್ಯಾಜಿ ರಾವ್ ರಸ್ತೆ 	3	9
ಹುಟ್ಟಿ 	1	9
ಸಿದ್ದಾಪುರ 	1	9
ಮಹರ್ಷಿ 	1	9
ಮಾರುತಿ 	1	9
ತೀರ್ಥಹಳ್ಳಿ ಶಿವಮೊಗ್ಗ ರಸ್ತೆ 	3	9
ಹಂಪೆ 	1	9
ಪರಮೇಶ್ವರಿ 	1	9
ಜೈನ ದೇವಸ್ಥಾನ 	2	9
ವಿದ್ಯ 	1	9
ಬೇಗೂರು ರಸ್ತೆ 	2	9
ವಾಣಿ ವಿಲಾಸ ರಸ್ತೆ 	3	9
ಮೇಳಿಗೆ ರಸ್ತೆ 	2	9
ವಿಮಾನ ನಿಲ್ದಾಣ ರಸ್ತೆ 	3	8
ಬಸವನಗುಡಿ 	1	8
ಈಶ್ವರ 	1	8
ಗ್ರಾಮಂತರ ಆರಕ್ಷಕ 	2	8
ಚಾಮುಂಡಿ ಬೆಟ್ಟ 	2	8
ಗೋಕುಲ ರೋಡ್ 	2	8
ಆಫ್ 	1	8
ಹೊಸ ಬಸ್ 	2	8
ಸರಸ್ವತಿ 	1	8
ಬಾಲಕಿಯರ 	1	8
ಮಹಾಗಣಪತಿ 	1	8
ಸೊಲ್ಲಾಪುರ ರಸ್ತೆ 	2	8
ಬಂಡ್ 	1	8
ಇಂದಿರಾನಗರ 	1	8
ಸಂಸ್ಥೆ 	1	8
ಕೆಂಭಾವಿ 	1	8
ರಾಮ ಮಂದಿರ 	2	8
ಬೆಟ್ಟ ರಸ್ತೆ 	2	8
ವಾಸವಿ 	1	8
ಈಶ್ವರ ದೇವಸ್ಥಾನ 	2	8
ವೆಂಕಟರಮನ ದೇವಸ್ಥಾನ 	2	8
ಪೇಟೆ 	1	8
ಕಾರ್ಡ್ 	1	8
ಕೋಟೆ 	1	8
ಜಾಮ 	1	8
ಕಾರ್ಡ್ ರಸ್ತೆ 	2	8
ವಿಮಾನ 	1	8
ದತ್ತಾತ್ರೇಯ 	1	8
ವಿಮಾನ ನಿಲ್ದಾಣ 	2	8
ನರಸಿಂಹ 	1	8
ವೆಂಕಟರಮನ 	1	8
ಚಾಮುಂಡಿ ಬೆಟ್ಟ ರಸ್ತೆ 	3	8
ಬ್ಯಾಂಕ್ ಆಫ್ 	2	8
ಹುಣಸೂರು 	1	8
ರೋಡ್ 	1	8
ಪೆಟ್ರೋಲಿಯಂ 	1	8
ಗ್ರಾಮಂತರ ಆರಕ್ಷಕ ಠಾಣೆ 	3	8
ಜಾಮ ಮಸೀದಿ 	2	8
ಬಂಡ್ ರಸ್ತೆ 	2	8
ಬೆಟ್ಟ 	1	8
ಆಶ್ರಮ 	1	8
ವರ್ತಲ ರಸ್ತೆ 	2	7
ದೊಡ್ಡಬಳ್ಳಾಪುರ 	1	7
ಥಣಿಸಂದ್ರ ಮುಖ್ಯ ರಸ್ತೆ 	3	7
ಚಿಲ್ಕುಂದ 	1	7
ಮಾರಮ್ಮ ದೇವಸ್ಥಾನ 	2	7
ವರ್ತಲ 	1	7
ಗೋಗಿ 	1	7
ಹೊಸ ಕಾಂತರಾಜ 	2	7
ಟಾಂಕ್ ಬಂಡ್ 	2	7
ಸಿಂದಗಿ 	1	7
ಸೊಲ್ಲಾಪುರ ಮಂಗಳೂರು ಹೆದ್ದಾರಿ 	3	7
ಹಂಪೆ ಕಮಲಪುರ ರಸ್ತೆ 	3	7
ಹೊಸ ಕಾಂತರಾಜ ಅರಸ ರಸ್ತೆ 	4	7
ಬಾಲಾಜಿ 	1	7
ಕಮಲಪುರ 	1	7
ಥಣಿಸಂದ್ರ ಮುಖ್ಯ 	2	7
ಮೃಗವಧೆ 	1	7
ಹಾಸನ 	1	7
ಕಾಳಿದಾಸ ರಸ್ತೆ 	2	7
ಶ್ರೀರಂಗಪಟ್ಟಣ 	1	7
ಥಣಿಸಂದ್ರ 	1	7
ನೆಹರು ರಸ್ತೆ 	2	7
ಕಮಲಪುರ ರಸ್ತೆ 	2	7
ದತ್ತಾತ್ರೇಯ ದೇವಸ್ಥಾನ 	2	7
ಕಾಂತರಾಜ 	1	7
ಸೊಲ್ಲಾಪುರ ಮಂಗಳೂರು 	2	7
ಗ್ರಾಮ ಪಂಚಾಯಿತಿ ಗ್ರಂಥಾಲಯ 	3	7
ಬಿ ಮುಖ್ಯ 	2	7
ವಿಶ್ವವಿದ್ಯಾಲಯ 	1	7
ಕೆಫೆ 	1	7
ನೇತ್ರಾಲಯ 	1	7
ಕಾಂತರಾಜ ಅರಸ ರಸ್ತೆ 	3	7
ಮಂಗಳೂರು ಹೆದ್ದಾರಿ 	2	7
ದೊಡ್ಡಬಳ್ಳಾಪುರ ರಸ್ತೆ 	2	7
ಅಂಜನೇಯ 	1	7
ಧಾರವಾಡ 	1	7
ಬಾರ್ಕೂರು 	1	7
ತಾಲೂಕು ಕಛೇರಿ 	2	7
ಕಾಳಿದಾಸ 	1	7
ಪೂರ್ವ 	1	7
ಟಾಂಕ್ ಬಂಡ್ ರಸ್ತೆ 	3	7
ರಾಮಯ್ಯ ರಸ್ತೆ 	2	7
ವೆಂಕಟರಮಣ 	1	7
ಸಮಾಜ 	1	7
ಓಂ 	1	7
ಶಾಮನೂರು 	1	7
ಸಂಘ 	1	7
ಸಂಪಿಗೆ ರಸ್ತೆ 	2	7
ಹೊಸ ಬಸ್ ನಿಲ್ದಾಣ 	3	7
ಹಂಪೆ ಕಮಲಪುರ 	2	7
ಕ್ಷೇತ್ರ 	1	7
ಸತ್ಯ 	1	7
ಸಂಪಿಗೆ 	1	7
ಮಹಾಗಣಪತಿ ದೇವಸ್ಥಾನ 	2	7
ರಾಮಯ್ಯ 	1	7
ಶ್ರೀರಾಮ 	1	7
ಪುಣೆ-ಬೆಂಗಳೂರು 	1	7
ಸಗರ 	1	7
ಹೊಸ ಕಾಂತರಾಜ ಅರಸ 	3	7
ಪಂಚಾಯಿತಿ ಗ್ರಂಥಾಲಯ 	2	7
ಟಾಂಕ್ 	1	7
ವಿಹಾರ 	1	7
ಕಾಂತರಾಜ ಅರಸ 	2	7
ವಸತಿನಿಲಯ 	1	7
ಇ 	1	7
ಕೆಂಚಮ್ಮ 	1	7
ಬಾರ್ಕೂರು ರಸ್ತೆ 	2	7
ಪುಣೆ-ಬೆಂಗಳೂರು ರಸ್ತೆ 	2	7
ಭಾರತಿ 	1	7
ಬಿ ಮುಖ್ಯ ರಸ್ತೆ 	3	7
ಸೋಮೇಶ್ವರ 	1	7
ಮಹಾಕವಿ 	1	7
ಧರ್ಮಸ್ಥಳ 	1	7
ಇಂಜಿನಿಯರಿಂಗ್ 	1	7
ಕೃಷಿ 	1	6
ಸೆಂಟ್ 	1	6
ಹುಣಸಗಿ 	1	6
ಧಾರವಾಡ ಹುಬ್ಬಳ್ಳಿ 	2	6
ಪೋಲಿಸ್ 	1	6
ಶಾಮನೂರು ರಸ್ತೆ 	2	6
ಮಹರ್ಷಿ ರಸ್ತೆ 	2	6
ಸೋಮೇಶ್ವರ ದೇವಸ್ಥಾನ 	2	6
ನಾಗರಭಾವಿ ರಸ್ತೆ 	2	6
ದುರ್ಗಾ ದೇವಸ್ಥಾನ 	2	6
ಧಾರವಾಡ ಹುಬ್ಬಳ್ಳಿ ಹೆದ್ದಾರಿ 	3	6
ವಿದ್ಯಾ 	1	6
ಸ್ಟೇಟ್ ಬ್ಯಾಂಕ್ ಆಫ್ 	3	6
ಬೀದರ 	1	6
ಮಾದ ದಾರಿ 	2	6
ಮಹಾವಿದ್ಯಾಲಯ 	1	6
ಅಸ್ಕರ್ 	1	6
ಕೋಟೆ ರಸ್ತೆ 	2	6
ಬೇಗೂರು ಮುಖ್ಯ ರಸ್ತೆ 	3	6
ಕಟ್ಟೆಮಳಲವಾಡಿ 	1	6
ದೇವರಾಜ ಅರಸು ರಸ್ತೆ 	3	6
ಶಕ್ತಿ ದೇವಸ್ಥಾನ 	2	6
ಓಂ ಶಕ್ತಿ ದೇವಸ್ಥಾನ 	3	6
ವಿಷ್ಣುವರ್ಧನ್ 	1	6
ರಮಣ ಮಹರ್ಷಿ ರಸ್ತೆ 	3	6
ಚಿಕ್ಕ 	1	6
ವಿಷ್ಣುವರ್ಧನ್ ರಸ್ತೆ 	2	6
ಬಸಪ್ಪ 	1	6
ಸುಲ್ತಾನ್ 	1	6
ರಾಮಮೂರ್ತಿನಗರ 	1	6
ಸಿದ್ದಯ್ಯ 	1	6
ಪೂಣೆ 	1	6
ಪೂಣೆ ಬೆಂಗಳೂರು ರಸ್ತೆ 	3	6
ಶಕ್ತಿ 	1	6
ಕಬ್ಬನ್ 	1	6
ಸರ್ಕಾರಿ ಬಾಲಕಿಯರ 	2	6
ಎಂ 	1	6
ಇಂಜಿನಿಯರಿಂಗ್ ಕಾಲೇಜು 	2	6
ಕುವೆಂಪು ರಸ್ತೆ 	2	6
ಮಾದ 	1	6
ಡಿ 	1	6
ಅಂಬೇಡ್ಕರ್ ರಸ್ತೆ 	2	6
ಬಾಣಸವಾಡಿ ಮುಖ್ಯ 	2	6
ದೇವರಾಜ ಅರಸು 	2	6
ಮೃಗವಧೆ ರಸ್ತೆ 	2	6
ಶನೇಶ್ವರ 	1	6
ಅಸ್ಕರ್ ರಸ್ತೆ 	2	6
ಕೆಂಚಮ್ಮ ದೇವಸ್ಥಾನ 	2	6
ಸರ್ದಾರ್ 	1	6
ಬಾಣಸವಾಡಿ ಮುಖ್ಯ ರಸ್ತೆ 	3	6
ಆಗುಂಬೆ ರಸ್ತೆ 	2	6
ಸವಲಂಗ 	1	6
ಹೆಸರಘಟ್ಟ ರಸ್ತೆ 	2	6
ಸವಲಂಗ ರಸ್ತೆ 	2	6
ಕಬ್ಬನ್ ರಸ್ತೆ 	2	6
ರಮಣ ಮಹರ್ಷಿ 	2	6
ನಾಗನಟಗಿ 	1	6
ತಾಂತ್ರಿಕ 	1	6
ಚಿಕ್ಕಬಳ್ಳಾಪುರ 	1	6
ನಾಗರಭಾವಿ 	1	6
ನವೋದಯ 	1	6
ಜಮ 	1	6
ರಸ್ಥೆ 	1	6
ಸುಬ್ರಹ್ಮಣ್ಯ 	1	6
ಕಾಫಿ 	1	6
ಸಿಂದಗಿ ರಸ್ತೆ 	2	6
ಪದವಿಪೂರ್ವ 	1	6
ಎ ಅಡ್ಡ 	2	6
ರವಿ 	1	6
ಕಾವೇರಿ 	1	6
ಓಂ ಶಕ್ತಿ 	2	6
ಅಣೆಕಟ್ಟು 	1	6
ಡಾ|| 	1	6
ಕೆಂಗಲ್ 	1	6
ರಾಜನಕೊಳ್ಳೂರ 	1	6
ಬೇಗೂರು ಮುಖ್ಯ 	2	6
ಹುಬ್ಬಳ್ಳಿ ಹೆದ್ದಾರಿ 	2	6
ಜಮ ಮಸೀದಿ 	2	6
ಕೆಂಪೇಗೌಡ 	1	6
ಅಡ್ಡ ರಸ್ಥೆ 	2	6
ಯಲ್ಲಮ್ಮ 	1	6
ಮಾಧವ 	1	6
ಕೆಂಗಲ್ ಹನುಮಂತಯ್ಯ 	2	6
ಬೇಲೂರು 	1	6
ಲಕ್ಷ್ಮಿ 	1	6
ಮಿಲ್ಲರ್ಸ್ ರಸ್ತೆ 	2	6
ಹನುಮಂತಯ್ಯ 	1	6
ಎ ಅಡ್ಡ ರಸ್ತೆ 	3	6
ಮಿಲ್ಲರ್ಸ್ 	1	6
ಸಾಯಿ 	1	6
ಶ್ರೀರಂಗಪಟ್ಟಣ ಹೆದ್ದಾರಿ 	2	6
ಶೇಶಾದ್ರಿ ರಸ್ತೆ 	2	6
ಪ್ರಸನ್ನ 	1	6
ರಾಣೆಬೆನ್ನೂರು 	1	6
ಸ್ವಾಮಿ ದೇವಾಲಯ 	2	6
ಪೂಣೆ ಬೆಂಗಳೂರು 	2	6
ಶೇಶಾದ್ರಿ 	1	6
ನರಸಿಂಹ ದೇವಸ್ಥಾನ 	2	6
ರಮಣ 	1	6
ಆಗುಂಬೆ 	1	6
ಭಾಗಮಂಡಲ 	1	6
ತಿಪಟೂರು 	1	5
ಸಿಬ್ಬಂಧಿವರ್ಗದ 	1	5
ಕಸ್ತೂರ್ಬಾ ರಸ್ತೆ 	2	5
ಶಾಂತಿ 	1	5
ಮುಖ್ಯ ಅಂಚೆ ಕಛೇರಿ 	3	5
ತಟ್ಟೆಕೆರೆ 	1	5
ಸರ್ಕಾರಿ␣ಹಿರಿಯ␣ಪ್ರಾಥಮಿಕ␣ಶಾಲೆ 	1	5
ರಸ್ತೇ 	1	5
ರಿಚ್ಮಂಡ್ 	1	5
ವಿಜ್ಞಾನ 	1	5
ಶ್ರೀ ರಾಮ ದೇವಸ್ಥಾನ 	3	5
ಬಾಲಕರ 	1	5
ಮಂತ್ರಾಲಯ 	1	5
ಮುನೇಶ್ವರ ದೇವಸ್ಥಾನ 	2	5
ಬಾಗ್ 	1	5
ಕುಮಾರ್ 	1	5
ವೀಧಿ 	1	5
ಕಮ್ಮನಹಳ್ಳಿ 	1	5
ಅಲಿ ಅಸ್ಕರ್ 	2	5
ರಾಣೆಬೆನ್ನೂರು ಬೈಪಾಸ್ 	2	5
ಶಾಸ್ತ್ರಿ 	1	5
ಬಸವನಗುಡಿ ರಸ್ತೆ 	2	5
ಶನೇಶ್ವರ ದೇವಸ್ಥಾನ 	2	5
ಕೇಂದ್ರೀಯ ವಿದ್ಯಾಲಯ 	2	5
ಎಸ್ ಬಿ 	2	5
ಕಸ್ತೂರ್ಬಾ 	1	5
ಇಂದಿರಾನಗರ ಜೋಡಿ ರಸ್ತೆ 	3	5
ಬಿಟಿಎಸ್ ಮುಖ್ಯ ರಸ್ತೆ 	3	5
ಕೆ 	1	5
ವೈದ್ಯಕೀಯ ಕಾಲೇಜು 	2	5
ಬಿಟಿಎಸ್ ಮುಖ್ಯ 	2	5
ಝಾನ್ಸಿ ಲಕ್ಷ್ಮೀಬಾಯಿ 	2	5
ಕಮ್ಮರಡಿ 	1	5
ಬಡಾವಣೆ 	1	5
ಎನ್ 	1	5
ಪದವಿಪೂರ್ವ ಕಾಲೇಜು 	2	5
ಲಾಲ್ ಬಾಗ್ 	2	5
ಸರ್ಕಾರಿ ಕನ್ನಡ 	2	5
ಚಾಮರಾಜ ಜೋಡಿ 	2	5
ಸುಬ್ರಮಣ್ಯ 	1	5
ಮುನೇಶ್ವರ 	1	5
ಎಚ್ 	1	5
ಒಳ 	1	5
ಪೋಲಿಸ್ ಠಾಣೆ 	2	5
ಕುವೆಂಪುನಗರ 	1	5
ಸಿಬ್ಬಂಧಿವರ್ಗದ ವಸತಿನಿಲಯ 	2	5
ಬಜಾರ್ 	1	5
ಕೆರೆ 	1	5
ಯಾಳಗಿ 	1	5
ನಗನೂರ 	1	5
ಆಂಜನೇಯ ಸ್ವಾಮಿ 	2	5
ಲಕ್ಷ್ಮೀಬಾಯಿ ರಸ್ತೆ 	2	5
ಸಾರ್ವಜನಿಕ ಆರೋಗ್ಯ ಕೇಂದ್ರ 	3	5
ಗಣಪತಿ ದೇವಸ್ತಾನ 	2	5
ಝಾನ್ಸಿ 	1	5
ಕಾಂತರಾಜೇ ಅರಸು ರಸ್ತೆ 	3	5
ಹೊಸ ರಸ್ತೆ 	2	5
ಬಾಗ್ ಕೋಟೆ ರಸ್ತೆ 	3	5
ಕೋಡೆಕಲ 	1	5
ಗ್ರಾಮೀಣ 	1	5
ಹೆಣ್ಣೂರು ಬಾಗಲೂರು ರಸ್ತೆ 	3	5
ಗಾಂಧಿನಗರ 	1	5
ವಿನೋಬ 	1	5
ಮಿಷನ್ 	1	5
ಚಾಮರಾಜ 	1	5
ಮುಖ್ಯ ಅಂಚೆ 	2	5
ನಾರಾಯಣ ಶಾಸ್ತ್ರಿ ರಸ್ತೆ 	3	5
ಪಾಟೆರಿ 	1	5
ಹಾಲ್ 	1	5
ಶಿವಾಜಿ 	1	5
ಕೆಂಪೇಗೌಡ ರಸ್ತೆ 	2	5
ಶ್ರೀರಾಮ ಮಂದಿರ 	2	5
ಜೂನಿಯರ್ 	1	5
ಸೇವಾ 	1	5
ನಿಂತಿಕಲ್ ರಸ್ತೆ 	2	5
ಸರ್ಕಾರಿ␣ಕಿರಿಯ␣ಪ್ರಾಥಮಿಕ␣ಶಾಲೆ 	1	5
ಹನುಮಂತಯ್ಯ ರಸ್ತೆ 	2	5
ಚಿಕಿತ್ಸಾಲಯ 	1	5
ಕಾಂತರಾಜೇ 	1	5
ಕಾಂತರಾಜೇ ಅರಸು 	2	5
ಅಂಬೇಡ್ಕರ್ ವೀಧಿ 	2	5
ಹುಣಸೂರು ರಸ್ತೆ 	2	5
ಕಾಲೆಜ್ 	1	5
ಕಂದಕೂರ 	1	5
ಕೆಂಗೇರಿ 	1	5
ವೆಂಕಟಸ್ವಾಮಿ 	1	5
ಗೋಕರ್ಣ 	1	5
ವಿದ್ಯಾನಿಕೇತನ 	1	5
ಸ್ಮಾರಕ 	1	5
ಹಳೆ ಬಸ್ 	2	5
ಕಚೇರಿ 	1	5
ಸಿದ್ದೇಶ್ವರ ದೇವಸ್ಥಾನ 	2	5
ಕೆಂಗಲ್ ಹನುಮಂತಯ್ಯ ರಸ್ತೆ 	3	5
ವನದುರ್ಗ 	1	5
ಶಾಲೆ ನಾಗನಟಗಿ 	2	5
ಕೇಂದ್ರೀಯ 	1	5
ಗುರು 	1	5
ಆದರ್ಶ 	1	5
ಮಂತ್ರಾಲಯ ರಸ್ತೆ 	2	5
ಪಾಪವಿನಸಂ ರಸ್ತೆ 	2	5
ವೀರಭದ್ರ 	1	5
ರಥ ಬೀದಿ 	2	5
ಕೋದಂಡರಾಮ 	1	5
ಸಾಹುಕಾರ 	1	5
ಸುಲ್ತಾನ್ ರಸ್ತೆ 	2	5
ಜಿಲ್ಲಾ 	1	5
ಲಾಲ್ 	1	5
ಮಹಾಕವಿ ರಸ್ತೆ 	2	5
ರಿಚ್ಮಂಡ್ ರಸ್ತೆ 	2	5
ಶಂಕರ 	1	5
ಕುಮಾರಸ್ವಾಮಿ 	1	5
ಬಾಪೂಜಿ 	1	5
ಮಾರೇನಹಳ್ಳಿ 	1	5
ಶಿವಾಜಿ ರಸ್ತೆ 	2	5
ಸಿದ್ದಯ್ಯ ರಸ್ತೆ 	2	5
ಸಾರ್ವಜನಿಕ ಆರೋಗ್ಯ 	2	5
ಪ್ರೌಢಶಾಲೆ 	1	5
ಲಾಲ್ ಬಾಗ್ ಕೋಟೆ ರಸ್ತೆ 	4	5
ಪಾಟೆರಿ ರಸ್ತೆ 	2	5
ಚಾಮರಾಜ ಜೋಡಿ ರಸ್ತೆ 	3	5
ಇಂದಿರಾನಗರ ಜೋಡಿ 	2	5
ಉಡುಪಿ 	1	5
ಪುತ್ತೂರು 	1	5
ಕಡೇಚೂರು 	1	5
ಬಿಟಿಎಸ್ 	1	5
ವಿನೋಬ ರಸ್ತೆ 	2	5
ಬೈಯ್ಯಪ್ಪನಹಳ್ಳಿ 	1	5
ಸನ್ನಿಧಿ 	1	5
ಹೆಣ್ಣೂರು ಬಾಗಲೂರು 	2	5
ನಾರಾಯಣ ಶಾಸ್ತ್ರಿ 	2	5
ಅಲಿ ಅಸ್ಕರ್ ರಸ್ತೆ 	3	5
ಮಾರೇನಹಳ್ಳಿ ರಸ್ತೆ 	2	5
ದುರ್ಗಮ್ಮ ದೇವಸ್ಥಾನ 	2	5
ಜೂನಿಯರ್ ಕಾಲೇಜು 	2	5
ನಿಂತಿಕಲ್ 	1	5
ಬಾಗ್ ಕೋಟೆ 	2	5
ಎಮ್ 	1	5
ಸರ್ವೋದಯ 	1	5
ರಾಮೇಶ್ವರ 	1	5
ಲಾಲ್ ಬಾಗ್ ಕೋಟೆ 	3	5
ಗಾವಡಗೆರೆ 	1	5
ದುರ್ಗಮ್ಮ 	1	5
ರಾಣೆಬೆನ್ನೂರು ಬೈಪಾಸ್ ರಸ್ತೆ 	3	5
ರಥ 	1	5
ಬೇಲೂರು ರಸ್ತೆ 	2	5
ಶಿಡ್ಲಘಟ್ಟ 	1	5
ಲಕ್ಷ್ಮೀಬಾಯಿ 	1	5
ಅಲಿ 	1	5
ಅಂಜುಮನ್ 	1	5
ಅತ್ತಿಗುಪ್ಪೆ 	1	5
ಸಕಲೇಶಪುರ 	1	5
ಝಾನ್ಸಿ ಲಕ್ಷ್ಮೀಬಾಯಿ ರಸ್ತೆ 	3	5
ಶಾಸ್ತ್ರಿ ರಸ್ತೆ 	2	5
ಪಾಪವಿನಸಂ 	1	5
ದೇವರಚಿಕ್ಕನಹಳ್ಳಿ 	1	5
ಉದಯ 	1	5
ಕೃಷ್ಣ ದೇವಸ್ಥಾನ 	2	5
ಜಾನ್ಸ್ 	1	5
ಹನಗೋಡು 	1	5
