de 	1	706
del 	1	546
carrièra 	1	307
mare 	1	195
mare de 	2	195
déu 	1	189
la 	1	184
de déu 	2	184
mare de déu 	3	181
de la 	2	164
carrer 	1	152
camin 	1	148
plaça 	1	138
carrer del 	2	129
cami 	1	124
las 	1	115
de déu de 	3	111
déu de 	2	111
mare de déu de 	4	109
lo 	1	100
dera 	1	93
del arte 	2	80
arte 	1	80
de las 	2	74
ristorante 	1	68
carrièra de 	2	65
ristorante del 	2	62
déu del 	2	62
de déu del 	3	62
carriera 	1	62
ristorante del arte 	3	62
mare de déu del 	4	62
sant 	1	57
deth 	1	51
carrièra del 	2	48
dels 	1	48
cami del 	2	44
mare de déu de la 	5	42
de déu de la 	4	42
déu de la 	3	42
deu 	1	39
al 	1	38
carrièra dels 	2	34
la mare de 	3	34
carles 	1	34
de la mare de 	4	34
de la mare 	3	34
la mare 	2	34
cami dera 	2	33
andadas 	1	33
carrèra 	1	32
la mare de déu 	4	31
fita 	1	31
andadas carles de 	3	31
de fita 	2	31
andadas carles de fita 	4	31
carles de 	2	31
andadas carles 	2	31
de la mare de déu 	5	31
carles de fita 	3	31
cami de 	2	30
dal 	1	30
plaça del 	2	29
plaça de 	2	28
pas 	1	27
carrièra de la 	3	27
camin deth 	2	26
pèire 	1	26
cami de las 	3	25
sant pèire 	2	21
plaça sant 	2	21
carrer de 	2	20
la mare de déu de 	5	18
camin dera 	2	18
plaça de la 	3	17
carriera de 	2	17
roser 	1	15
pizzeria 	1	15
carrer de las 	3	15
passejada de 	2	14
de barcelona 	2	14
carrièra de las 	3	14
passejada de barcelona 	3	14
del roser 	2	14
barcelona 	1	14
passejada 	1	14
deths 	1	13
mare de déu del roser 	5	13
del carme 	2	13
mare de deu 	3	13
dei 	1	13
de déu del roser 	4	13
carme 	1	13
camin del 	2	13
déu del roser 	3	13
de deu 	2	13
montserrat 	1	13
forn 	1	12
font 	1	12
déu del carme 	3	12
de déu del carme 	4	12
pont 	1	12
del forn 	2	12
carriera de la 	3	12
mare de déu del carme 	5	12
cai 	1	12
carriera del 	2	12
mas 	1	11
dels penitents 	2	11
carrièra d'alsàcia 	2	11
cap 	1	11
d'alsàcia 	1	11
déu de montserrat 	3	11
lorena 	1	11
d'alsàcia lorena 	2	11
penitents 	1	11
tres 	1	11
deus 	1	11
carrièra dels penitents 	3	11
de montserrat 	2	11
carrièra d'alsàcia lorena 	3	11
de déu de montserrat 	4	11
santuari de la 	3	10
costa 	1	10
santuari de la mare 	4	10
mare de déu de montserrat 	5	10
camî 	1	10
castell 	1	10
plaça sant pèire 	3	10
camin deths 	2	10
carriéra 	1	10
santuari 	1	10
glèisa 	1	10
vièr 	1	10
del castell 	2	10
santuari de la mare de 	5	10
santuari de 	2	10
carrèra de 	2	10
moli 	1	10
del moli 	2	9
blancs 	1	9
del remei 	2	9
penitents blancs 	2	9
di 	1	9
joan 	1	9
capitòli 	1	9
dels penitents blancs 	3	9
serra 	1	9
la daurada 	2	9
carriero 	1	9
hount 	1	9
del mas 	2	9
de sant 	2	9
daurada 	1	9
carrièra dels penitents blancs 	4	9
de la daurada 	3	9
remei 	1	9
carrièra del lengadòc 	3	8
la mercè 	2	8
mare de déu del remei 	5	8
d'en 	1	8
lengadòc 	1	8
de déu de la mercè 	5	8
ceip mare 	2	8
carrer del pardal 	3	8
camin de 	2	8
la font 	2	8
avengunda 	1	8
ceip mare de 	3	8
deth cap 	2	8
parròquia 	1	8
castel 	1	8
charrièra 	1	8
placa 	1	8
petits 	1	8
pizzeria lo 	2	8
camí 	1	8
plaça del capitòli 	3	8
del capitòli 	2	8
maison 	1	8
déu del remei 	3	8
del lengadòc 	2	8
déu de la mercè 	4	8
pardal 	1	8
la mare de déu del 	5	8
nou 	1	8
camí del 	2	8
déra 	1	8
mercè 	1	8
ermita 	1	8
bar 	1	8
ceip 	1	8
del pardal 	2	8
de la mercè 	3	8
de déu del remei 	4	8
dera serra 	2	8
varats 	1	8
mare de deu de 	4	7
jacques-matthieu delpech 	2	7
de deu de 	3	7
hont 	1	7
prat 	1	7
carriera dal 	2	7
parròquia de 	2	7
carrièra joan 	2	7
del sol 	2	7
sol 	1	7
salut 	1	7
charles 	1	7
carrièra jacques-matthieu delpech 	3	7
la salut 	2	7
santa 	1	7
camin deras 	2	7
la republica 	2	7
delpech 	1	7
scoiattolo 	1	7
maison comuna 	2	7
cai sant 	2	7
escola 	1	7
lo scoiattolo 	2	7
deu de 	2	7
dou 	1	7
deras 	1	7
carrièra jacques-matthieu 	2	7
comuna 	1	7
del pont 	2	7
carriera dei 	2	7
carrèra deus 	2	7
de la republica 	3	7
jacques-matthieu 	1	7
de la font 	3	7
de la salut 	3	7
cai sant pèire 	3	7
republica 	1	7
carrièra tira pel 	3	6
president 	1	6
sent 	1	6
d'aur 	1	6
déu de la salut 	4	6
sant sernin 	2	6
grans 	1	6
dente 	1	6
escòla 	1	6
grans varats 	2	6
tira pel 	2	6
del president 	2	6
carriera de la republica 	4	6
e 	1	6
pel 	1	6
dera costa 	2	6
carrièra tira 	2	6
comptoir 	1	6
deus grans 	2	6
de déu de la salut 	5	6
del rey 	2	6
las tres 	2	6
deth cap dera 	3	6
carriéra del 	2	6
mitg 	1	6
ceip mare de déu 	4	6
lo spuntino 	2	6
comptoir del 	2	6
carrèra deus grans 	3	6
al dente 	2	6
tira 	1	6
rey 	1	6
ermita de 	2	6
col·legi 	1	6
cap dera 	2	6
carrèra deus grans varats 	4	6
spuntino 	1	6
plaça de la daurada 	4	6
école 	1	6
prat del 	2	6
plaça dera 	2	6
can 	1	6
font del 	2	6
de las tres 	3	6
dera hount 	2	6
charriero 	1	6
deus grans varats 	3	6
çubran 	1	6
carrièra de las tres 	4	6
vila 	1	6
bernat 	1	6
carrièra sant 	2	6
pizza 	1	6
maurici 	1	6
ristorante pizzeria 	2	6
pietat 	1	6
sernin 	1	6
sant çubran 	2	6
del bac 	2	5
déu del mont 	3	5
cami deth 	2	5
ermita de la mare 	4	5
interiora sant çubran 	3	5
casa 	1	5
petits pas 	2	5
boset 	1	5
col·legi mare de 	3	5
maurici hauriou 	2	5
del cementeri 	2	5
camî deth cap 	3	5
carrièra del pont 	3	5
charriero dal 	2	5
carrièra del forn 	3	5
la poma 	2	5
coll 	1	5
roc 	1	5
de la poma 	3	5
granda 	1	5
cami del moli 	3	5
de pèiboquèir 	2	5
del pati 	2	5
pizza del 	2	5
jacme 	1	5
mont 	1	5
deu del 	2	5
bosc 	1	5
avinguda 	1	5
avenguda 	1	5
cementeri 	1	5
naut 	1	5
baloard 	1	5
carrer del pati 	3	5
mare de déu del mont 	5	5
potz 	1	5
plaça interiora sant 	3	5
cami del mas 	3	5
camî deth cap dera serra 	5	5
lana 	1	5
camî deth cap dera 	4	5
interiora 	1	5
de tonis 	2	5
del potz 	2	5
plaça interiora sant çubran 	4	5
carrièra de la poma 	4	5
avinguda del 	2	5
de deu del 	3	5
tonis 	1	5
carrèra dera 	2	5
carriera dels 	2	5
d'era 	1	5
bac 	1	5
plaça interiora 	2	5
mare de deu del 	4	5
carrièra del potz 	3	5
avengunda maurici hauriou 	3	5
dal castel 	2	5
de l'olm 	2	5
la poma d'aur 	3	5
camî deth 	2	5
poma d'aur 	2	5
col·legi mare 	2	5
carrièra de la poma d'aur 	5	5
la plaça 	2	5
cap dera serra 	3	5
laja 	1	5
del roc 	2	5
hauriou 	1	5
capcir 	1	5
del capcir 	2	5
ermita de la mare de 	5	5
camî dera 	2	5
l'olm 	1	5
avinguda del capcir 	3	5
ermita de la 	3	5
escorsièra 	1	5
camin deu 	2	5
serrat 	1	5
carrèra de pèiboquèir 	3	5
camin di 	2	5
poma 	1	5
vièr de 	2	5
pati 	1	5
naut bernat 	2	5
avengunda maurici 	2	5
deth cap dera serra 	4	5
del mont 	2	5
pèiboquèir 	1	5
de la poma d'aur 	4	5
interiora sant 	2	5
de déu del mont 	4	5
