kaya 	1	2264
kaminda 	1	129
seru 	1	56
kaya seru 	2	45
di 	1	36
san 	1	24
mahuma 	1	19
bar 	1	18
terrace 	1	18
bonaire 	1	17
driving trail 	2	17
trail 	1	17
driving 	1	17
restaurant 	1	16
mahuma kaya 	2	16
a 	1	16
m. 	1	14
den 	1	13
f. 	1	13
tera 	1	13
kokolishi 	1	13
jose 	1	13
kaya kokolishi 	2	13
kaya butuela 	2	12
butuela 	1	12
j. 	1	12
grandi 	1	12
julio 	1	11
j 	1	11
palm 	1	10
nathan 	1	10
maria 	1	10
winkel 	1	10
kaya nathan 	2	10
bakator 	1	10
snack 	1	10
martina 	1	10
la 	1	10
kaya bakator 	2	10
e 	1	9
kaya kariñoso 	2	9
kaya c.e.b. 	2	9
hellmund 	1	9
kaya c.e.b. hellmund 	3	9
piedra 	1	9
c.e.b. hellmund 	2	9
zuid 	1	9
kaya maria 	2	9
bolivar 	1	9
nikiboko 	1	9
kaya nikiboko 	2	9
simon 	1	9
kariñoso 	1	9
c.e.b. 	1	9
simon bolivar 	2	8
kaya libertador simon 	3	8
saba palm 	2	8
koraal 	1	8
saba 	1	8
a. 	1	8
libertador 	1	8
kaya soeur 	2	8
kaya libertador simon bolivar 	4	8
libertador simon 	2	8
libertador simon bolivar 	3	8
bario 	1	8
i 	1	8
kaya nikiboko zuid 	3	8
f 	1	8
nikiboko zuid 	2	8
kaya p 	2	8
kaya j 	2	8
car 	1	8
soeur 	1	8
araña 	1	8
industria 	1	8
kaya araña 	2	8
kaya libertador 	2	8
kaya industria 	2	8
p 	1	8
koraal kaya 	2	8
john 	1	7
kaminda seru 	2	7
kaya barakuda 	2	7
dominico 	1	7
para 	1	7
plaza 	1	7
mahuma kaya p 	3	7
boulevard 	1	7
frater 	1	7
kaya frater 	2	7
kaya piedra 	2	7
abraham 	1	7
flamingo 	1	7
kaya thomas 	2	7
barakuda 	1	7
henriquez 	1	7
kaya dominico 	2	7
thomas 	1	7
kaya julio 	2	7
antonia 	1	7
steen 	1	7
bogota 	1	7
steen koraal kaya 	3	7
kaya bogota 	2	7
steen koraal 	2	7
kaya john 	2	7
r. 	1	6
makutu 	1	6
kaya makutu 	2	6
seru waterloo 	2	6
kaya korona 	2	6
monzonit 	1	6
waterloo 	1	6
lagoen 	1	6
para mira 	2	6
fernando isenia 	2	6
lourdes 	1	6
nicolaas 	1	6
kaya winkel 	2	6
saliña 	1	6
kaminda venancio fernando isenia 	4	6
amsterdam 	1	6
kaminda venancio fernando 	3	6
kalki 	1	6
bar restaurant 	2	6
den tera 	2	6
korona 	1	6
kaya seru grandi 	3	6
venancio 	1	6
kaya lelie 	2	6
kaya lourdes 	2	6
caribe 	1	6
lagoen hill 	2	6
kaminda saliña 	2	6
fernando 	1	6
venancio fernando 	2	6
seru grandi 	2	6
maranon 	1	6
kaya monzonit 	2	6
papa 	1	6
kaya maranon 	2	6
sentro 	1	6
isenia 	1	6
kaminda jose 	2	6
kaya sur 	2	6
mira 	1	6
rincon 	1	6
sabana 	1	6
antonio 	1	6
santa 	1	6
kaminda venancio 	2	6
lelie 	1	6
goto 	1	6
sur 	1	6
kaminda san 	2	6
hill 	1	6
kaminda seru waterloo 	3	6
venancio fernando isenia 	3	6
iglesia 	1	5
willem mensing 	2	5
j. cecilia 	2	5
sabalo 	1	5
fishtail 	1	5
kaya afido 	2	5
jan 	1	5
kaya regenboog 	2	5
kaya avelino j. 	3	5
kaya san 	2	5
kaya diamanta 	2	5
de 	1	5
avelino 	1	5
kaya yerba 	2	5
g. 	1	5
montaña 	1	5
pa fuik 	2	5
dominico f. 	2	5
kaya karko 	2	5
kaya beethoven 	2	5
kaya fishtail 	2	5
nicolina 	1	5
b 	1	5
mensing 	1	5
kaya tert 	2	5
kaya avelino j. cecilia 	4	5
afido 	1	5
aura 	1	5
and 	1	5
kaminda pa fuik 	3	5
don 	1	5
nieuwindt 	1	5
nobo 	1	5
angel 	1	5
kaminda goto 	2	5
anna 	1	5
beethoven 	1	5
karko 	1	5
willem 	1	5
kaya thomas henriquez 	3	5
vivaldi 	1	5
kaya willem 	2	5
kaya aura 	2	5
monseigneur 	1	5
kaya brigit 	2	5
koko 	1	5
bario den tera 	3	5
kaya jaspe 	2	5
brigit 	1	5
cecilia 	1	5
miguel 	1	5
aesculapius 	1	5
kaya muizenberg 	2	5
bario den 	2	5
diamanta 	1	5
lac 	1	5
tert 	1	5
yerba 	1	5
le 	1	5
fuik 	1	5
kaya sabalo 	2	5
apartments 	1	5
kaya monseigneur nieuwindt 	3	5
flamboyan 	1	5
kaya monseigneur 	2	5
kaya kalki 	2	5
avelino j. 	2	5
coco 	1	5
juan 	1	5
thomas henriquez 	2	5
kaya vivaldi 	2	5
kaya avelino 	2	5
cruzeiro 	1	5
avelino j. cecilia 	3	5
kaminda lac 	2	5
kaminda pa 	2	5
kaminda nicolina 	2	5
kaya dominico f. 	3	5
muizenberg 	1	5
kaya cruzeiro 	2	5
jaspe 	1	5
monseigneur nieuwindt 	2	5
pa 	1	5
kaya willem mensing 	3	5
kaya aesculapius 	2	5
regenboog 	1	5
